גיל,מין,מחוז נוכחי,מחוז בילדות,מצב כלכלי,מצב משפחתי,קרבה לדת,מספר אחים,מספר אימונים בשבוע,סוג דיאטה,מספר בילויים בחודש,מעשנ.ת,התנסות בסמים,הורים גרושים,לימודים,רישיון נהיגה,משיכה מינית,קעקועים,משקה יין מועדף
29,זכר,צפון,צפון,גבוה,רווק,חילוני,1,3,ללא גלוטן,10,לא,כן,כן,אקדמאי,כן,סטרייט,לא,קאווה
51,זכר,מרכז,צפון,גבוה,רווק,חילוני,1,5,ללא,3,כן,לא,לא,אקדמאי,לא,סטרייט,לא,שרדונה
32,זכר,יהודה ושומרון,יהודה ושומרון,גבוה,רווק,חילוני,1,5,ללא,7,לא,לא,כן,12 שנות לימוד,כן,סטרייט,כן,ריוחה
36,נקבה,דרום,מרכז,גבוה,רווק,מסורתי,3,3,ללא,6,כן,לא,לא,אקדמאי,לא,סטרייט,לא,גוורץ
44,נקבה,דרום,מרכז,גבוה,נשוי,מסורתי,2,6,ללא,1,כן,לא,כן,12 שנות לימוד,לא,סטרייט,לא,קברנה סוביניון
48,נקבה,צפון,צפון,גבוה,גרוש,חילוני,1,5,ללא,2,לא,לא,לא,12 שנות לימוד,לא,סטרייט,לא,שרדונה
43,נקבה,יהודה ושומרון,מרכז,גבוה,רווק,מסורתי,1,5,טבעונית,5,לא,לא,לא,12 שנות לימוד,כן,סטרייט,לא,גוורץ
41,נקבה,צפון,מרכז,נמוך,רווק,מסורתי,0,6,ללא,4,כן,לא,לא,12 שנות לימוד,לא,סטרייט,לא,קברנה סוביניון
27,זכר,יהודה ושומרון,דרום,גבוה,רווק,חילוני,4,4,ללא,9,לא,כן,לא,אקדמאי,כן,סטרייט,לא,קאווה
46,זכר,יהודה ושומרון,יהודה ושומרון,גבוה,רווק,מסורתי,2,5,ללא,4,לא,לא,לא,12 שנות לימוד,לא,סטרייט,לא,קברנה סוביניון
26,זכר,יהודה ושומרון,צפון,גבוה,נשוי,חילוני,2,2,ללא,9,כן,כן,לא,אקדמאי,לא,סטרייט,לא,קאווה
54,נקבה,צפון,מרכז,נמוך,גרוש,דתי,4,5,ללא,1,לא,לא,לא,12 שנות לימוד,לא,סטרייט,לא,שרדונה
40,נקבה,דרום,מרכז,בינוני,נשוי,חילוני,2,5,ללא,2,לא,לא,לא,אקדמאי,כן,סטרייט,לא,גוורץ
27,נקבה,דרום,צפון,גבוה,נשוי,חילוני,1,4,ללא,10,כן,כן,לא,אקדמאי,כן,סטרייט,כן,קאווה
36,נקבה,דרום,מרכז,גבוה,רווק,חילוני,1,4,ללא,5,לא,כן,לא,12 שנות לימוד,כן,סטרייט,לא,ריוחה
53,נקבה,יהודה ושומרון,מרכז,גבוה,רווק,חילוני,1,4,ללא גלוטן,5,לא,לא,לא,אקדמאי,כן,סטרייט,כן,שרדונה
34,זכר,מרכז,מרכז,נמוך,גרוש,דתי,0,3,ללא,5,לא,לא,לא,12 שנות לימוד,כן,סטרייט,לא,גוורץ
49,נקבה,דרום,מרכז,גבוה,רווק,חילוני,3,6,צמחונית,3,כן,לא,לא,12 שנות לימוד,לא,סטרייט,לא,שרדונה
32,נקבה,צפון,יהודה ושומרון,גבוה,נשוי,חילוני,0,3,ללא,7,לא,לא,לא,אקדמאי,לא,גיי,לא,קאווה
33,זכר,צפון,יהודה ושומרון,גבוה,נשוי,מסורתי,0,2,ללא,9,כן,לא,לא,12 שנות לימוד,כן,גיי,לא,ריוחה
54,נקבה,דרום,יהודה ושומרון,נמוך,נשוי,דתי,2,5,ללא,4,לא,לא,לא,12 שנות לימוד,לא,סטרייט,לא,שרדונה
39,נקבה,צפון,יהודה ושומרון,נמוך,רווק,דתי,3,4,ללא,2,כן,לא,לא,12 שנות לימוד,לא,סטרייט,לא,קברנה סוביניון
43,נקבה,מרכז,יהודה ושומרון,גבוה,נשוי,חילוני,0,4,ללא גלוטן,4,לא,לא,לא,12 שנות לימוד,כן,גיי,לא,קברנה סוביניון
29,נקבה,דרום,צפון,גבוה,גרוש,מסורתי,1,1,צמחונית,11,כן,לא,לא,אקדמאי,כן,סטרייט,לא,קאווה
45,זכר,צפון,דרום,נמוך,נשוי,דתי,2,5,ללא,4,לא,לא,לא,12 שנות לימוד,לא,סטרייט,לא,שרדונה
49,נקבה,דרום,מרכז,נמוך,נשוי,דתי,2,6,טבעונית,1,לא,לא,לא,12 שנות לימוד,לא,סטרייט,לא,שרדונה
31,זכר,מרכז,יהודה ושומרון,גבוה,נשוי,מסורתי,1,5,ללא,8,כן,לא,לא,אקדמאי,כן,גיי,לא,ריוחה
50,זכר,יהודה ושומרון,מרכז,גבוה,רווק,חילוני,2,4,ללא,4,כן,לא,לא,12 שנות לימוד,כן,סטרייט,לא,שרדונה
29,זכר,צפון,מרכז,בינוני,נשוי,חילוני,2,4,ללא,8,לא,כן,לא,אקדמאי,כן,סטרייט,כן,קאווה
57,נקבה,מרכז,יהודה ושומרון,גבוה,רווק,חילוני,2,4,ללא,6,כן,לא,לא,12 שנות לימוד,כן,סטרייט,לא,שרדונה
36,זכר,צפון,יהודה ושומרון,נמוך,גרוש,דתי,0,4,ללא,5,כן,כן,לא,אקדמאי,כן,סטרייט,לא,ריוחה
49,נקבה,דרום,יהודה ושומרון,גבוה,נשוי,חילוני,1,7,ללא,2,לא,לא,לא,12 שנות לימוד,כן,סטרייט,לא,שרדונה
42,זכר,דרום,צפון,גבוה,נשוי,חילוני,2,3,ללא,4,כן,לא,לא,12 שנות לימוד,לא,בי,לא,קברנה סוביניון
39,נקבה,דרום,יהודה ושומרון,נמוך,גרוש,דתי,6,3,ללא,7,לא,לא,לא,אקדמאי,לא,גיי,לא,גוורץ
34,זכר,צפון,מרכז,נמוך,גרוש,דתי,5,6,צמחונית,5,לא,לא,לא,אקדמאי,כן,סטרייט,לא,גוורץ
36,נקבה,יהודה ושומרון,דרום,גבוה,רווק,מסורתי,3,6,ללא,1,כן,לא,לא,12 שנות לימוד,כן,סטרייט,לא,קברנה סוביניון
40,נקבה,מרכז,מרכז,נמוך,גרוש,דתי,1,4,ללא,6,כן,לא,לא,12 שנות לימוד,כן,סטרייט,לא,קברנה סוביניון
45,זכר,צפון,מרכז,גבוה,גרוש,מסורתי,3,5,ללא,3,כן,לא,לא,אקדמאי,כן,סטרייט,לא,קברנה סוביניון
41,נקבה,צפון,יהודה ושומרון,בינוני,רווק,חילוני,1,4,ללא גלוטן,4,לא,לא,לא,אקדמאי,כן,סטרייט,כן,גוורץ
34,זכר,דרום,יהודה ושומרון,נמוך,נשוי,דתי,2,4,ללא,7,לא,לא,כן,12 שנות לימוד,כן,גיי,לא,ריוחה
45,נקבה,צפון,יהודה ושומרון,גבוה,רווק,מסורתי,3,4,ללא,4,לא,לא,לא,אקדמאי,לא,סטרייט,לא,קברנה סוביניון
43,זכר,דרום,דרום,גבוה,נשוי,מסורתי,1,5,טבעונית,2,לא,לא,לא,אקדמאי,כן,סטרייט,לא,קברנה סוביניון
27,זכר,יהודה ושומרון,צפון,גבוה,רווק,מסורתי,1,3,ללא,11,כן,כן,לא,12 שנות לימוד,כן,סטרייט,לא,קאווה
55,נקבה,יהודה ושומרון,מרכז,גבוה,נשוי,מסורתי,2,4,ללא,1,כן,לא,לא,12 שנות לימוד,לא,סטרייט,לא,שרדונה
41,נקבה,צפון,דרום,גבוה,נשוי,מסורתי,4,1,ללא,6,כן,לא,לא,אקדמאי,לא,סטרייט,כן,גוורץ
53,נקבה,צפון,דרום,בינוני,גרוש,חילוני,0,4,צמחונית,1,לא,לא,לא,אקדמאי,כן,סטרייט,לא,שרדונה
36,זכר,דרום,מרכז,גבוה,גרוש,חילוני,0,5,ללא,6,לא,לא,לא,אקדמאי,כן,סטרייט,לא,גוורץ
35,זכר,צפון,יהודה ושומרון,נמוך,נשוי,דתי,4,2,ללא,6,לא,לא,לא,אקדמאי,כן,סטרייט,לא,קאווה
39,זכר,מרכז,יהודה ושומרון,גבוה,רווק,מסורתי,3,4,ללא,4,כן,לא,לא,אקדמאי,כן,סטרייט,לא,קברנה סוביניון
35,זכר,מרכז,מרכז,נמוך,נשוי,דתי,2,4,ללא,6,לא,לא,לא,12 שנות לימוד,כן,סטרייט,לא,גוורץ
29,נקבה,מרכז,דרום,גבוה,רווק,מסורתי,0,5,טבעונית,8,לא,כן,לא,אקדמאי,כן,סטרייט,לא,קאווה
51,זכר,מרכז,יהודה ושומרון,גבוה,גרוש,חילוני,1,5,ללא,3,לא,לא,לא,12 שנות לימוד,כן,סטרייט,לא,שרדונה
45,זכר,צפון,יהודה ושומרון,גבוה,נשוי,מסורתי,1,7,ללא,2,כן,לא,כן,אקדמאי,לא,בי,לא,קברנה סוביניון
29,נקבה,צפון,צפון,גבוה,נשוי,חילוני,0,3,ללא,9,כן,כן,לא,אקדמאי,כן,בי,לא,קאווה
34,נקבה,מרכז,צפון,גבוה,נשוי,חילוני,2,3,ללא,5,כן,כן,לא,אקדמאי,לא,סטרייט,לא,גוורץ
40,זכר,דרום,צפון,נמוך,רווק,דתי,3,5,ללא,4,כן,לא,לא,אקדמאי,לא,סטרייט,לא,גוורץ
26,נקבה,צפון,צפון,גבוה,רווק,מסורתי,3,3,ללא,11,כן,לא,כן,אקדמאי,כן,סטרייט,לא,קאווה
30,נקבה,יהודה ושומרון,מרכז,נמוך,נשוי,דתי,4,3,ללא,8,כן,לא,לא,אקדמאי,כן,סטרייט,לא,קאווה
50,זכר,מרכז,דרום,נמוך,נשוי,דתי,3,5,ללא,3,כן,לא,לא,12 שנות לימוד,כן,סטרייט,לא,שרדונה
41,נקבה,דרום,יהודה ושומרון,גבוה,רווק,חילוני,1,5,צמחונית,5,לא,לא,לא,אקדמאי,כן,בי,לא,גוורץ
41,נקבה,יהודה ושומרון,צפון,נמוך,נשוי,חילוני,2,5,ללא,4,לא,לא,לא,12 שנות לימוד,כן,גיי,לא,קברנה סוביניון
33,זכר,צפון,צפון,נמוך,גרוש,מסורתי,3,3,ללא,8,כן,כן,כן,אקדמאי,כן,גיי,כן,גוורץ
32,נקבה,מרכז,צפון,בינוני,נשוי,מסורתי,1,3,ללא,8,כן,כן,לא,12 שנות לימוד,לא,בי,לא,ריוחה
27,זכר,מרכז,דרום,גבוה,רווק,מסורתי,4,3,ללא,7,כן,לא,לא,12 שנות לימוד,לא,סטרייט,לא,ריוחה
33,נקבה,דרום,דרום,גבוה,רווק,מסורתי,1,4,ללא,7,לא,לא,לא,אקדמאי,לא,סטרייט,כן,ריוחה
40,זכר,יהודה ושומרון,יהודה ושומרון,בינוני,נשוי,חילוני,3,5,ללא,6,כן,לא,לא,12 שנות לימוד,לא,סטרייט,לא,קברנה סוביניון
41,נקבה,דרום,דרום,נמוך,נשוי,דתי,4,4,ללא,6,לא,לא,לא,אקדמאי,כן,סטרייט,לא,גוורץ
38,נקבה,דרום,דרום,גבוה,נשוי,חילוני,3,5,ללא,4,כן,לא,לא,אקדמאי,כן,סטרייט,לא,גוורץ
40,נקבה,דרום,יהודה ושומרון,גבוה,נשוי,מסורתי,3,6,ללא,5,כן,לא,לא,אקדמאי,כן,גיי,לא,גוורץ
43,זכר,יהודה ושומרון,מרכז,נמוך,רווק,חילוני,1,6,צמחונית,4,כן,לא,לא,12 שנות לימוד,כן,סטרייט,לא,גוורץ
33,זכר,צפון,מרכז,נמוך,רווק,דתי,0,5,צמחונית,4,לא,לא,לא,12 שנות לימוד,לא,סטרייט,לא,גוורץ
22,נקבה,דרום,יהודה ושומרון,גבוה,גרוש,מסורתי,5,4,ללא,9,כן,לא,כן,אקדמאי,לא,סטרייט,כן,קאווה
50,נקבה,יהודה ושומרון,דרום,גבוה,רווק,חילוני,1,4,ללא,2,לא,כן,לא,12 שנות לימוד,כן,סטרייט,לא,שרדונה
25,נקבה,דרום,דרום,נמוך,נשוי,דתי,2,5,ללא גלוטן,8,כן,לא,לא,אקדמאי,כן,גיי,לא,קאווה
35,נקבה,צפון,יהודה ושומרון,גבוה,נשוי,חילוני,3,3,ללא,6,כן,לא,לא,אקדמאי,לא,סטרייט,לא,גוורץ
41,נקבה,מרכז,צפון,בינוני,גרוש,חילוני,0,4,ללא,5,כן,כן,לא,12 שנות לימוד,כן,סטרייט,כן,קברנה סוביניון
35,נקבה,יהודה ושומרון,מרכז,גבוה,גרוש,חילוני,0,6,ללא,5,לא,לא,לא,אקדמאי,כן,גיי,לא,גוורץ
32,זכר,צפון,צפון,נמוך,גרוש,דתי,3,2,צמחונית,6,כן,לא,כן,אקדמאי,כן,בי,לא,ריוחה
57,נקבה,צפון,דרום,גבוה,נשוי,חילוני,0,4,ללא,4,לא,לא,לא,12 שנות לימוד,לא,סטרייט,לא,שרדונה
49,נקבה,צפון,צפון,גבוה,גרוש,חילוני,1,4,ללא,5,כן,לא,לא,12 שנות לימוד,כן,בי,כן,שרדונה
50,נקבה,צפון,מרכז,גבוה,גרוש,חילוני,2,4,ללא,3,לא,לא,כן,אקדמאי,כן,סטרייט,לא,שרדונה
42,נקבה,דרום,מרכז,נמוך,נשוי,דתי,2,5,ללא,6,לא,לא,לא,אקדמאי,כן,סטרייט,לא,גוורץ
44,נקבה,צפון,מרכז,גבוה,גרוש,מסורתי,1,4,טבעונית,2,כן,לא,לא,12 שנות לימוד,כן,סטרייט,לא,קברנה סוביניון
38,זכר,צפון,דרום,גבוה,נשוי,חילוני,1,4,ללא,4,כן,לא,לא,12 שנות לימוד,כן,סטרייט,לא,קברנה סוביניון
33,נקבה,מרכז,צפון,גבוה,גרוש,מסורתי,2,4,צמחונית,6,לא,לא,לא,אקדמאי,לא,בי,לא,ריוחה
35,נקבה,מרכז,צפון,גבוה,גרוש,חילוני,2,5,ללא,7,לא,לא,לא,אקדמאי,כן,בי,לא,ריוחה
55,זכר,מרכז,צפון,גבוה,רווק,חילוני,2,6,ללא,3,כן,כן,לא,12 שנות לימוד,לא,סטרייט,לא,שרדונה
37,נקבה,צפון,צפון,נמוך,רווק,דתי,1,5,ללא,3,לא,לא,לא,אקדמאי,כן,סטרייט,לא,גוורץ
32,זכר,צפון,צפון,נמוך,רווק,דתי,4,7,צמחונית,5,לא,לא,לא,אקדמאי,כן,בי,לא,ריוחה
38,זכר,דרום,צפון,נמוך,נשוי,דתי,0,4,ללא,5,לא,לא,לא,אקדמאי,כן,סטרייט,לא,גוורץ
40,זכר,יהודה ושומרון,צפון,גבוה,נשוי,מסורתי,2,5,צמחונית,5,לא,לא,לא,12 שנות לימוד,לא,סטרייט,לא,קברנה סוביניון
39,נקבה,צפון,מרכז,גבוה,גרוש,חילוני,2,5,ללא,5,לא,לא,לא,אקדמאי,כן,סטרייט,לא,קברנה סוביניון
42,נקבה,צפון,יהודה ושומרון,גבוה,נשוי,מסורתי,3,3,ללא,4,כן,לא,לא,אקדמאי,כן,סטרייט,לא,קברנה סוביניון
28,נקבה,מרכז,צפון,גבוה,רווק,מסורתי,1,2,ללא,9,כן,לא,לא,12 שנות לימוד,כן,סטרייט,לא,קאווה
29,זכר,יהודה ושומרון,מרכז,גבוה,רווק,מסורתי,1,4,ללא,8,כן,לא,לא,אקדמאי,לא,בי,לא,ריוחה
28,נקבה,צפון,דרום,נמוך,נשוי,דתי,4,4,צמחונית,7,כן,לא,כן,12 שנות לימוד,כן,סטרייט,לא,ריוחה
41,נקבה,מרכז,צפון,גבוה,רווק,חילוני,0,2,ללא,8,לא,לא,לא,12 שנות לימוד,כן,סטרייט,לא,ריוחה
46,נקבה,מרכז,דרום,גבוה,נשוי,חילוני,2,6,ללא,1,כן,לא,לא,12 שנות לימוד,כן,סטרייט,לא,שרדונה
32,זכר,מרכז,מרכז,גבוה,רווק,חילוני,1,5,ללא גלוטן,5,כן,כן,לא,אקדמאי,לא,בי,כן,ריוחה
30,זכר,צפון,דרום,בינוני,רווק,דתי,0,5,ללא,7,כן,לא,לא,אקדמאי,כן,סטרייט,לא,ריוחה
54,זכר,דרום,יהודה ושומרון,נמוך,נשוי,דתי,4,4,צמחונית,4,לא,לא,לא,12 שנות לימוד,לא,סטרייט,לא,שרדונה
27,נקבה,יהודה ושומרון,מרכז,גבוה,רווק,חילוני,0,4,ללא,7,לא,לא,כן,12 שנות לימוד,כן,סטרייט,לא,קאווה
51,זכר,מרכז,צפון,בינוני,רווק,מסורתי,1,6,ללא,3,לא,כן,כן,12 שנות לימוד,כן,בי,לא,שרדונה
52,זכר,דרום,צפון,גבוה,רווק,מסורתי,0,4,ללא,4,לא,לא,לא,12 שנות לימוד,לא,סטרייט,לא,שרדונה
42,זכר,מרכז,דרום,נמוך,גרוש,דתי,4,3,ללא,4,לא,לא,לא,12 שנות לימוד,כן,סטרייט,לא,קברנה סוביניון
33,נקבה,יהודה ושומרון,צפון,בינוני,רווק,דתי,3,4,ללא,6,לא,לא,לא,אקדמאי,כן,סטרייט,לא,ריוחה
51,זכר,יהודה ושומרון,דרום,בינוני,רווק,מסורתי,2,5,ללא,3,כן,לא,כן,12 שנות לימוד,כן,סטרייט,לא,שרדונה
53,נקבה,יהודה ושומרון,דרום,גבוה,נשוי,מסורתי,3,6,ללא,1,לא,לא,לא,12 שנות לימוד,לא,סטרייט,לא,שרדונה
30,נקבה,צפון,דרום,גבוה,רווק,מסורתי,2,3,ללא,8,לא,כן,לא,אקדמאי,לא,בי,לא,ריוחה
53,זכר,דרום,צפון,גבוה,נשוי,חילוני,1,6,ללא,2,כן,כן,לא,אקדמאי,כן,סטרייט,כן,שרדונה
37,זכר,מרכז,מרכז,בינוני,נשוי,חילוני,2,5,ללא,5,כן,כן,לא,אקדמאי,כן,סטרייט,לא,קברנה סוביניון
37,נקבה,דרום,מרכז,נמוך,נשוי,חילוני,0,6,ללא,3,כן,לא,לא,אקדמאי,כן,סטרייט,לא,קברנה סוביניון
39,נקבה,מרכז,צפון,נמוך,נשוי,דתי,3,4,ללא,4,לא,לא,לא,12 שנות לימוד,כן,גיי,לא,גוורץ
38,נקבה,דרום,צפון,גבוה,גרוש,חילוני,1,5,ללא,4,כן,כן,לא,אקדמאי,לא,סטרייט,כן,גוורץ
50,נקבה,מרכז,צפון,נמוך,גרוש,דתי,3,6,ללא גלוטן,1,לא,לא,לא,12 שנות לימוד,כן,סטרייט,לא,שרדונה
28,נקבה,מרכז,יהודה ושומרון,גבוה,גרוש,מסורתי,4,4,צמחונית,5,לא,לא,לא,אקדמאי,לא,גיי,לא,קאווה
33,זכר,דרום,דרום,גבוה,רווק,מסורתי,5,7,ללא,3,לא,לא,כן,12 שנות לימוד,לא,גיי,לא,ריוחה
48,נקבה,יהודה ושומרון,יהודה ושומרון,גבוה,נשוי,חילוני,1,5,ללא גלוטן,3,לא,כן,כן,12 שנות לימוד,כן,סטרייט,כן,קברנה סוביניון
31,נקבה,דרום,מרכז,בינוני,גרוש,מסורתי,3,6,ללא,7,כן,לא,לא,12 שנות לימוד,כן,בי,לא,ריוחה
41,זכר,דרום,צפון,בינוני,נשוי,דתי,3,3,צמחונית,4,כן,לא,לא,אקדמאי,כן,סטרייט,כן,קברנה סוביניון
36,זכר,יהודה ושומרון,מרכז,גבוה,רווק,מסורתי,1,4,טבעונית,8,כן,לא,כן,אקדמאי,לא,סטרייט,לא,ריוחה
35,נקבה,יהודה ושומרון,מרכז,גבוה,רווק,מסורתי,2,3,ללא,5,לא,לא,לא,12 שנות לימוד,כן,סטרייט,לא,גוורץ
37,זכר,יהודה ושומרון,יהודה ושומרון,גבוה,נשוי,חילוני,1,2,ללא,6,לא,לא,לא,אקדמאי,כן,סטרייט,לא,גוורץ
51,נקבה,דרום,צפון,בינוני,גרוש,מסורתי,3,5,צמחונית,4,לא,לא,לא,אקדמאי,לא,סטרייט,לא,שרדונה
31,נקבה,דרום,דרום,גבוה,גרוש,חילוני,0,4,ללא,5,לא,לא,כן,אקדמאי,כן,גיי,כן,גוורץ
27,נקבה,מרכז,מרכז,גבוה,רווק,מסורתי,3,5,ללא,7,לא,כן,לא,אקדמאי,כן,סטרייט,לא,קאווה
37,זכר,דרום,צפון,גבוה,גרוש,חילוני,0,4,טבעונית,9,לא,כן,כן,אקדמאי,לא,סטרייט,לא,קאווה
42,נקבה,יהודה ושומרון,יהודה ושומרון,גבוה,גרוש,חילוני,2,4,טבעונית,4,כן,לא,לא,אקדמאי,כן,סטרייט,כן,קברנה סוביניון
38,נקבה,דרום,יהודה ושומרון,גבוה,רווק,חילוני,1,4,ללא,2,לא,לא,לא,אקדמאי,כן,סטרייט,לא,קברנה סוביניון
25,זכר,דרום,דרום,גבוה,גרוש,חילוני,0,5,ללא,8,כן,לא,כן,אקדמאי,כן,סטרייט,לא,ריוחה
56,זכר,דרום,מרכז,נמוך,נשוי,דתי,1,6,ללא,4,לא,לא,לא,אקדמאי,לא,סטרייט,לא,שרדונה
38,זכר,דרום,יהודה ושומרון,בינוני,נשוי,דתי,3,3,ללא,4,כן,לא,לא,12 שנות לימוד,כן,סטרייט,לא,גוורץ
37,נקבה,יהודה ושומרון,יהודה ושומרון,בינוני,נשוי,מסורתי,2,4,ללא,5,לא,לא,לא,12 שנות לימוד,לא,סטרייט,לא,קברנה סוביניון
33,נקבה,יהודה ושומרון,צפון,גבוה,רווק,חילוני,2,4,טבעונית,5,לא,לא,כן,אקדמאי,כן,גיי,לא,גוורץ
52,נקבה,דרום,יהודה ושומרון,גבוה,רווק,חילוני,2,6,ללא,1,לא,לא,לא,12 שנות לימוד,לא,סטרייט,לא,שרדונה
42,זכר,דרום,מרכז,גבוה,גרוש,חילוני,2,2,ללא,5,כן,לא,לא,12 שנות לימוד,לא,סטרייט,לא,קברנה סוביניון
39,נקבה,מרכז,מרכז,בינוני,רווק,מסורתי,4,5,צמחונית,4,לא,לא,לא,12 שנות לימוד,כן,סטרייט,לא,גוורץ
27,זכר,יהודה ושומרון,מרכז,גבוה,רווק,חילוני,2,4,צמחונית,9,לא,כן,לא,אקדמאי,לא,סטרייט,לא,קאווה
36,נקבה,מרכז,דרום,גבוה,רווק,חילוני,1,6,ללא גלוטן,5,כן,כן,לא,12 שנות לימוד,כן,סטרייט,כן,גוורץ
29,נקבה,יהודה ושומרון,דרום,בינוני,רווק,דתי,3,4,ללא גלוטן,6,לא,כן,כן,12 שנות לימוד,כן,גיי,לא,ריוחה
45,זכר,יהודה ושומרון,צפון,גבוה,נשוי,מסורתי,3,6,ללא,6,לא,לא,לא,12 שנות לימוד,כן,סטרייט,לא,קברנה סוביניון
38,זכר,מרכז,יהודה ושומרון,גבוה,גרוש,חילוני,1,5,צמחונית,4,לא,כן,לא,אקדמאי,כן,גיי,כן,גוורץ
57,נקבה,דרום,דרום,גבוה,נשוי,מסורתי,3,7,צמחונית,2,לא,לא,לא,12 שנות לימוד,כן,סטרייט,לא,שרדונה
35,זכר,דרום,דרום,גבוה,נשוי,מסורתי,3,5,ללא גלוטן,5,כן,לא,לא,אקדמאי,לא,סטרייט,כן,ריוחה
30,נקבה,יהודה ושומרון,יהודה ושומרון,בינוני,רווק,חילוני,0,4,ללא גלוטן,7,לא,לא,לא,12 שנות לימוד,לא,סטרייט,לא,ריוחה
28,נקבה,דרום,צפון,גבוה,גרוש,מסורתי,3,6,צמחונית,4,לא,לא,כן,אקדמאי,לא,סטרייט,לא,קאווה
34,נקבה,יהודה ושומרון,מרכז,בינוני,נשוי,חילוני,4,5,ללא,6,לא,כן,לא,אקדמאי,כן,סטרייט,כן,גוורץ
33,נקבה,יהודה ושומרון,דרום,בינוני,רווק,חילוני,0,5,ללא,5,לא,לא,לא,אקדמאי,לא,סטרייט,לא,גוורץ
33,נקבה,צפון,יהודה ושומרון,גבוה,גרוש,מסורתי,1,6,ללא,5,לא,כן,לא,אקדמאי,לא,סטרייט,לא,ריוחה
31,נקבה,יהודה ושומרון,יהודה ושומרון,בינוני,רווק,מסורתי,2,3,ללא,8,כן,לא,לא,12 שנות לימוד,כן,סטרייט,לא,קאווה
28,זכר,צפון,דרום,גבוה,גרוש,מסורתי,6,2,ללא,9,לא,לא,לא,12 שנות לימוד,לא,בי,לא,ריוחה
51,נקבה,צפון,דרום,בינוני,נשוי,דתי,5,7,ללא,2,לא,לא,לא,12 שנות לימוד,כן,בי,לא,שרדונה
50,נקבה,יהודה ושומרון,צפון,נמוך,רווק,דתי,5,4,ללא,4,כן,לא,לא,12 שנות לימוד,לא,סטרייט,לא,שרדונה
52,נקבה,דרום,צפון,גבוה,גרוש,חילוני,2,4,צמחונית,3,לא,לא,לא,12 שנות לימוד,לא,סטרייט,לא,שרדונה
41,זכר,צפון,צפון,נמוך,נשוי,דתי,3,5,ללא,1,כן,לא,לא,12 שנות לימוד,כן,סטרייט,לא,קברנה סוביניון
30,זכר,דרום,מרכז,בינוני,רווק,חילוני,3,3,ללא,7,לא,לא,לא,אקדמאי,לא,סטרייט,לא,ריוחה
41,זכר,מרכז,צפון,נמוך,גרוש,מסורתי,1,7,ללא,2,לא,לא,לא,12 שנות לימוד,כן,גיי,לא,קברנה סוביניון
51,נקבה,צפון,יהודה ושומרון,נמוך,רווק,חילוני,0,6,ללא,3,כן,לא,לא,12 שנות לימוד,לא,סטרייט,לא,שרדונה
45,נקבה,צפון,צפון,בינוני,גרוש,חילוני,2,4,ללא,3,לא,לא,לא,12 שנות לימוד,לא,בי,לא,קברנה סוביניון
32,זכר,מרכז,יהודה ושומרון,נמוך,רווק,דתי,0,3,ללא,8,לא,לא,כן,אקדמאי,כן,סטרייט,לא,קאווה
31,זכר,דרום,מרכז,נמוך,נשוי,דתי,3,3,ללא,7,לא,לא,לא,אקדמאי,כן,גיי,לא,קאווה
59,זכר,מרכז,דרום,גבוה,נשוי,חילוני,0,7,ללא,4,כן,כן,לא,12 שנות לימוד,לא,סטרייט,לא,שרדונה
31,זכר,דרום,דרום,גבוה,גרוש,חילוני,1,1,ללא,10,כן,כן,לא,אקדמאי,לא,סטרייט,כן,קאווה
44,זכר,דרום,יהודה ושומרון,גבוה,גרוש,מסורתי,0,4,ללא,2,כן,לא,לא,אקדמאי,לא,בי,לא,קברנה סוביניון
54,זכר,דרום,יהודה ושומרון,גבוה,נשוי,חילוני,0,3,ללא,6,לא,לא,לא,12 שנות לימוד,כן,סטרייט,לא,שרדונה
35,זכר,מרכז,דרום,גבוה,רווק,מסורתי,1,4,ללא,6,כן,לא,לא,אקדמאי,כן,סטרייט,לא,קאווה
31,זכר,צפון,יהודה ושומרון,נמוך,רווק,דתי,3,7,ללא גלוטן,4,כן,לא,לא,12 שנות לימוד,כן,סטרייט,לא,גוורץ
49,נקבה,דרום,יהודה ושומרון,נמוך,רווק,דתי,1,6,ללא,1,לא,לא,לא,אקדמאי,כן,סטרייט,לא,שרדונה
36,זכר,דרום,צפון,נמוך,רווק,דתי,1,7,ללא,2,לא,לא,לא,אקדמאי,כן,סטרייט,לא,גוורץ
30,נקבה,דרום,מרכז,גבוה,רווק,מסורתי,2,5,ללא,7,כן,לא,לא,אקדמאי,כן,בי,לא,קאווה
34,נקבה,יהודה ושומרון,יהודה ושומרון,בינוני,גרוש,דתי,3,4,ללא,4,לא,לא,לא,12 שנות לימוד,לא,גיי,לא,גוורץ
32,זכר,צפון,יהודה ושומרון,גבוה,רווק,מסורתי,3,5,ללא,4,לא,לא,כן,אקדמאי,כן,סטרייט,לא,ריוחה
53,נקבה,מרכז,מרכז,בינוני,רווק,מסורתי,3,6,צמחונית,2,לא,לא,לא,12 שנות לימוד,כן,סטרייט,לא,שרדונה
53,נקבה,יהודה ושומרון,יהודה ושומרון,בינוני,נשוי,דתי,0,5,ללא,2,לא,לא,לא,12 שנות לימוד,כן,סטרייט,לא,שרדונה
37,נקבה,מרכז,יהודה ושומרון,גבוה,גרוש,חילוני,1,4,צמחונית,4,כן,כן,לא,אקדמאי,לא,סטרייט,לא,גוורץ
34,זכר,יהודה ושומרון,דרום,גבוה,גרוש,מסורתי,3,5,טבעונית,9,כן,לא,לא,אקדמאי,כן,סטרייט,לא,קאווה
36,זכר,צפון,דרום,בינוני,נשוי,חילוני,1,4,ללא גלוטן,5,כן,כן,לא,אקדמאי,כן,סטרייט,כן,גוורץ
30,זכר,מרכז,דרום,נמוך,רווק,דתי,3,5,ללא,8,לא,לא,לא,אקדמאי,כן,גיי,לא,ריוחה
39,נקבה,צפון,מרכז,גבוה,רווק,חילוני,1,6,ללא,4,כן,לא,לא,12 שנות לימוד,לא,סטרייט,לא,קברנה סוביניון
41,נקבה,דרום,יהודה ושומרון,בינוני,גרוש,מסורתי,1,5,צמחונית,3,לא,לא,לא,אקדמאי,לא,סטרייט,לא,קברנה סוביניון
34,נקבה,דרום,צפון,גבוה,נשוי,מסורתי,2,4,ללא,6,לא,לא,לא,12 שנות לימוד,לא,בי,לא,ריוחה
31,זכר,צפון,צפון,גבוה,נשוי,חילוני,1,5,ללא,9,כן,לא,לא,12 שנות לימוד,לא,בי,לא,ריוחה
30,נקבה,יהודה ושומרון,יהודה ושומרון,גבוה,רווק,חילוני,0,5,ללא,9,כן,כן,לא,אקדמאי,כן,סטרייט,לא,קאווה
53,נקבה,דרום,יהודה ושומרון,גבוה,נשוי,חילוני,0,4,ללא,3,לא,לא,לא,אקדמאי,לא,סטרייט,לא,שרדונה
48,זכר,יהודה ושומרון,יהודה ושומרון,בינוני,גרוש,חילוני,2,4,ללא,2,לא,לא,לא,אקדמאי,לא,סטרייט,לא,שרדונה
28,נקבה,דרום,יהודה ושומרון,גבוה,רווק,חילוני,2,6,צמחונית,4,כן,כן,לא,אקדמאי,לא,בי,לא,ריוחה
32,זכר,צפון,צפון,נמוך,רווק,דתי,1,4,ללא,4,לא,לא,לא,12 שנות לימוד,כן,סטרייט,לא,ריוחה
44,נקבה,יהודה ושומרון,דרום,גבוה,גרוש,חילוני,2,4,ללא,3,לא,לא,לא,אקדמאי,כן,סטרייט,לא,קברנה סוביניון
24,זכר,צפון,יהודה ושומרון,גבוה,רווק,מסורתי,5,5,טבעונית,6,כן,לא,לא,12 שנות לימוד,כן,בי,לא,קאווה
32,זכר,יהודה ושומרון,צפון,גבוה,נשוי,מסורתי,3,6,ללא,5,לא,לא,לא,12 שנות לימוד,כן,גיי,לא,גוורץ
28,נקבה,מרכז,יהודה ושומרון,נמוך,רווק,מסורתי,2,1,צמחונית,6,כן,לא,לא,אקדמאי,לא,בי,לא,ריוחה
42,זכר,צפון,מרכז,גבוה,נשוי,חילוני,1,5,ללא,4,כן,לא,לא,12 שנות לימוד,כן,סטרייט,לא,קברנה סוביניון
32,זכר,מרכז,צפון,בינוני,נשוי,חילוני,0,5,ללא,9,לא,לא,כן,אקדמאי,כן,סטרייט,לא,קאווה
29,זכר,יהודה ושומרון,יהודה ושומרון,נמוך,גרוש,דתי,1,3,ללא גלוטן,9,כן,לא,לא,12 שנות לימוד,כן,בי,לא,ריוחה
25,נקבה,צפון,מרכז,גבוה,רווק,מסורתי,3,3,ללא גלוטן,7,לא,לא,לא,12 שנות לימוד,כן,סטרייט,לא,קאווה
50,זכר,דרום,צפון,בינוני,נשוי,מסורתי,0,4,ללא,1,לא,לא,לא,12 שנות לימוד,לא,סטרייט,לא,שרדונה
38,נקבה,מרכז,צפון,נמוך,נשוי,דתי,1,5,צמחונית,3,לא,לא,כן,אקדמאי,כן,סטרייט,לא,גוורץ
37,נקבה,יהודה ושומרון,דרום,גבוה,נשוי,מסורתי,2,3,ללא,8,לא,לא,לא,12 שנות לימוד,לא,גיי,לא,ריוחה
35,נקבה,צפון,יהודה ושומרון,נמוך,גרוש,דתי,2,4,ללא,7,לא,לא,לא,12 שנות לימוד,כן,בי,לא,ריוחה
53,זכר,מרכז,דרום,גבוה,רווק,חילוני,1,6,צמחונית,4,כן,לא,לא,אקדמאי,לא,סטרייט,לא,שרדונה
56,נקבה,צפון,דרום,גבוה,גרוש,חילוני,1,6,טבעונית,1,לא,לא,לא,אקדמאי,כן,סטרייט,לא,שרדונה
26,נקבה,מרכז,מרכז,נמוך,נשוי,דתי,4,3,צמחונית,10,לא,לא,לא,אקדמאי,כן,סטרייט,לא,קאווה
39,נקבה,יהודה ושומרון,צפון,נמוך,רווק,דתי,2,4,ללא,4,כן,לא,לא,אקדמאי,לא,סטרייט,לא,קברנה סוביניון
48,נקבה,יהודה ושומרון,יהודה ושומרון,נמוך,נשוי,דתי,2,3,ללא,4,לא,לא,לא,12 שנות לימוד,כן,סטרייט,לא,שרדונה
37,נקבה,צפון,צפון,נמוך,רווק,דתי,5,5,ללא,7,לא,לא,לא,אקדמאי,כן,בי,לא,ריוחה
30,זכר,דרום,צפון,גבוה,רווק,חילוני,1,2,צמחונית,12,כן,לא,לא,אקדמאי,כן,סטרייט,לא,קאווה
48,נקבה,דרום,צפון,גבוה,רווק,מסורתי,0,5,ללא,2,לא,לא,לא,12 שנות לימוד,לא,סטרייט,לא,שרדונה
29,נקבה,יהודה ושומרון,צפון,בינוני,נשוי,חילוני,2,4,צמחונית,7,כן,לא,לא,אקדמאי,כן,סטרייט,לא,קאווה
28,זכר,מרכז,צפון,גבוה,רווק,חילוני,1,4,ללא,7,כן,כן,לא,אקדמאי,כן,בי,לא,קאווה
27,זכר,מרכז,יהודה ושומרון,נמוך,גרוש,דתי,0,4,ללא,6,כן,לא,לא,12 שנות לימוד,כן,סטרייט,לא,ריוחה
28,נקבה,דרום,צפון,גבוה,רווק,חילוני,1,3,צמחונית,8,לא,לא,לא,אקדמאי,כן,בי,לא,קאווה
28,זכר,יהודה ושומרון,מרכז,גבוה,רווק,מסורתי,2,3,ללא,10,כן,כן,כן,12 שנות לימוד,לא,סטרייט,לא,קאווה
27,נקבה,יהודה ושומרון,מרכז,גבוה,גרוש,מסורתי,1,4,ללא גלוטן,7,כן,לא,לא,12 שנות לימוד,כן,סטרייט,לא,ריוחה
29,זכר,צפון,יהודה ושומרון,נמוך,נשוי,דתי,6,4,ללא,7,כן,כן,כן,אקדמאי,כן,סטרייט,לא,קאווה
33,נקבה,מרכז,דרום,גבוה,נשוי,מסורתי,0,4,צמחונית,5,כן,לא,לא,אקדמאי,לא,סטרייט,לא,גוורץ
48,זכר,דרום,דרום,גבוה,רווק,חילוני,2,5,ללא,2,כן,לא,לא,אקדמאי,כן,בי,לא,קברנה סוביניון
39,נקבה,מרכז,יהודה ושומרון,גבוה,גרוש,מסורתי,2,4,ללא,4,כן,לא,לא,אקדמאי,כן,בי,לא,גוורץ
45,זכר,מרכז,מרכז,גבוה,גרוש,חילוני,3,5,ללא,3,לא,לא,כן,12 שנות לימוד,כן,סטרייט,לא,קברנה סוביניון
27,זכר,צפון,מרכז,גבוה,נשוי,חילוני,0,3,ללא,8,לא,כן,לא,12 שנות לימוד,כן,בי,כן,קאווה
25,נקבה,יהודה ושומרון,דרום,גבוה,רווק,מסורתי,3,4,ללא,7,כן,לא,לא,אקדמאי,לא,בי,לא,קאווה
51,נקבה,צפון,מרכז,גבוה,גרוש,חילוני,0,6,ללא,1,לא,לא,לא,12 שנות לימוד,כן,גיי,לא,שרדונה
40,נקבה,יהודה ושומרון,מרכז,נמוך,גרוש,דתי,5,4,ללא,2,כן,לא,לא,אקדמאי,כן,סטרייט,לא,קברנה סוביניון
41,נקבה,יהודה ושומרון,צפון,נמוך,נשוי,דתי,2,4,צמחונית,3,כן,לא,כן,אקדמאי,כן,סטרייט,לא,קברנה סוביניון
38,נקבה,צפון,יהודה ושומרון,נמוך,רווק,דתי,1,5,ללא,4,לא,לא,לא,אקדמאי,כן,סטרייט,לא,ריוחה
41,זכר,מרכז,מרכז,בינוני,גרוש,חילוני,0,5,ללא,2,כן,לא,לא,12 שנות לימוד,כן,סטרייט,לא,קברנה סוביניון
38,נקבה,דרום,צפון,גבוה,נשוי,מסורתי,3,4,ללא,2,כן,כן,לא,12 שנות לימוד,כן,סטרייט,לא,קברנה סוביניון
26,זכר,דרום,מרכז,נמוך,רווק,דתי,1,5,ללא גלוטן,9,לא,לא,לא,אקדמאי,כן,סטרייט,לא,קאווה
44,זכר,מרכז,מרכז,נמוך,נשוי,דתי,4,5,ללא,4,כן,לא,לא,אקדמאי,כן,בי,לא,קברנה סוביניון
53,נקבה,צפון,מרכז,בינוני,נשוי,מסורתי,1,6,ללא,2,לא,לא,לא,12 שנות לימוד,לא,סטרייט,לא,שרדונה
27,נקבה,מרכז,יהודה ושומרון,גבוה,נשוי,מסורתי,0,3,ללא,9,כן,לא,לא,אקדמאי,כן,סטרייט,לא,קאווה
49,נקבה,צפון,מרכז,גבוה,גרוש,מסורתי,3,5,טבעונית,1,לא,לא,לא,12 שנות לימוד,לא,סטרייט,לא,שרדונה
55,נקבה,דרום,מרכז,גבוה,גרוש,מסורתי,1,6,ללא,3,כן,לא,לא,אקדמאי,לא,סטרייט,לא,שרדונה
45,נקבה,יהודה ושומרון,מרכז,בינוני,גרוש,דתי,3,5,ללא,6,כן,לא,לא,12 שנות לימוד,כן,סטרייט,לא,קברנה סוביניון
44,זכר,יהודה ושומרון,צפון,גבוה,רווק,חילוני,2,4,ללא,4,כן,לא,לא,12 שנות לימוד,כן,סטרייט,לא,קברנה סוביניון
45,נקבה,מרכז,יהודה ושומרון,נמוך,גרוש,דתי,5,4,ללא,4,לא,לא,לא,12 שנות לימוד,כן,סטרייט,לא,קברנה סוביניון
47,נקבה,יהודה ושומרון,מרכז,נמוך,נשוי,דתי,4,4,ללא,4,לא,לא,לא,12 שנות לימוד,כן,גיי,לא,קברנה סוביניון
46,נקבה,דרום,צפון,גבוה,נשוי,חילוני,0,6,ללא גלוטן,4,כן,לא,לא,12 שנות לימוד,לא,סטרייט,לא,קברנה סוביניון
31,זכר,צפון,דרום,נמוך,רווק,דתי,4,5,ללא,4,כן,לא,לא,אקדמאי,כן,סטרייט,לא,ריוחה
51,נקבה,צפון,יהודה ושומרון,גבוה,נשוי,חילוני,0,6,ללא,1,לא,לא,לא,12 שנות לימוד,לא,סטרייט,לא,שרדונה
31,זכר,דרום,יהודה ושומרון,גבוה,גרוש,חילוני,1,6,טבעונית,5,כן,לא,לא,12 שנות לימוד,לא,סטרייט,לא,ריוחה
35,נקבה,יהודה ושומרון,צפון,גבוה,רווק,מסורתי,2,5,ללא,3,לא,לא,לא,אקדמאי,כן,סטרייט,לא,גוורץ
28,זכר,יהודה ושומרון,יהודה ושומרון,נמוך,רווק,חילוני,0,4,ללא,9,לא,כן,לא,אקדמאי,כן,סטרייט,כן,קאווה
40,נקבה,מרכז,מרכז,גבוה,נשוי,חילוני,0,3,ללא,5,כן,לא,לא,אקדמאי,כן,גיי,לא,קברנה סוביניון
30,נקבה,יהודה ושומרון,מרכז,גבוה,נשוי,חילוני,0,2,ללא,8,לא,לא,כן,אקדמאי,לא,בי,לא,קאווה
45,נקבה,יהודה ושומרון,מרכז,גבוה,נשוי,חילוני,4,7,ללא,2,כן,לא,לא,12 שנות לימוד,לא,סטרייט,לא,שרדונה
41,זכר,יהודה ושומרון,צפון,גבוה,גרוש,חילוני,2,6,צמחונית,3,לא,לא,לא,אקדמאי,כן,סטרייט,לא,קברנה סוביניון
33,נקבה,יהודה ושומרון,צפון,גבוה,רווק,חילוני,4,3,צמחונית,6,כן,לא,כן,12 שנות לימוד,לא,בי,לא,ריוחה
39,זכר,צפון,צפון,בינוני,רווק,מסורתי,2,5,ללא,3,לא,לא,לא,12 שנות לימוד,כן,סטרייט,לא,קברנה סוביניון
30,נקבה,מרכז,מרכז,גבוה,רווק,מסורתי,4,3,ללא,7,כן,לא,לא,12 שנות לימוד,כן,בי,לא,ריוחה
25,זכר,דרום,יהודה ושומרון,גבוה,רווק,חילוני,0,4,צמחונית,6,כן,כן,לא,אקדמאי,לא,בי,כן,ריוחה
53,נקבה,מרכז,יהודה ושומרון,גבוה,גרוש,חילוני,1,5,ללא,1,לא,לא,לא,אקדמאי,כן,סטרייט,לא,שרדונה
58,נקבה,מרכז,דרום,גבוה,נשוי,חילוני,2,7,ללא,1,לא,לא,לא,12 שנות לימוד,לא,סטרייט,לא,שרדונה
42,זכר,מרכז,דרום,גבוה,רווק,מסורתי,2,3,ללא,5,כן,לא,כן,אקדמאי,כן,סטרייט,לא,קברנה סוביניון
32,זכר,דרום,צפון,בינוני,גרוש,דתי,7,2,צמחונית,8,לא,לא,לא,אקדמאי,כן,סטרייט,לא,ריוחה
56,נקבה,דרום,דרום,גבוה,נשוי,חילוני,2,5,ללא,2,כן,לא,לא,12 שנות לימוד,כן,סטרייט,כן,שרדונה
37,נקבה,יהודה ושומרון,מרכז,נמוך,נשוי,חילוני,2,5,ללא,5,לא,לא,כן,אקדמאי,כן,סטרייט,לא,גוורץ
38,זכר,צפון,מרכז,גבוה,גרוש,חילוני,1,3,ללא,5,לא,כן,לא,12 שנות לימוד,לא,סטרייט,לא,קברנה סוביניון
56,נקבה,צפון,דרום,גבוה,רווק,מסורתי,4,7,ללא,1,לא,לא,לא,אקדמאי,כן,בי,לא,שרדונה
56,נקבה,מרכז,דרום,בינוני,רווק,מסורתי,3,7,ללא,1,לא,לא,לא,אקדמאי,לא,סטרייט,לא,שרדונה
38,זכר,מרכז,יהודה ושומרון,גבוה,רווק,מסורתי,2,3,ללא,6,לא,לא,לא,אקדמאי,כן,סטרייט,לא,ריוחה
27,נקבה,דרום,צפון,גבוה,רווק,חילוני,3,3,צמחונית,7,כן,כן,לא,12 שנות לימוד,לא,סטרייט,לא,קאווה
41,נקבה,מרכז,דרום,נמוך,גרוש,דתי,1,4,ללא גלוטן,4,כן,לא,לא,12 שנות לימוד,לא,סטרייט,לא,קברנה סוביניון
30,זכר,מרכז,דרום,גבוה,גרוש,חילוני,1,3,ללא גלוטן,8,לא,לא,לא,אקדמאי,לא,סטרייט,לא,ריוחה
31,זכר,יהודה ושומרון,דרום,בינוני,רווק,חילוני,1,5,ללא גלוטן,6,לא,לא,לא,אקדמאי,כן,בי,לא,ריוחה
37,נקבה,מרכז,מרכז,גבוה,רווק,חילוני,2,4,ללא,2,לא,כן,לא,אקדמאי,כן,סטרייט,כן,גוורץ
41,נקבה,יהודה ושומרון,דרום,נמוך,נשוי,דתי,1,5,ללא,2,כן,לא,לא,אקדמאי,כן,סטרייט,לא,קברנה סוביניון
29,נקבה,מרכז,יהודה ושומרון,גבוה,רווק,חילוני,2,6,צמחונית,7,לא,לא,לא,אקדמאי,כן,סטרייט,לא,קאווה
38,זכר,יהודה ושומרון,יהודה ושומרון,בינוני,נשוי,מסורתי,3,6,ללא,3,כן,כן,כן,אקדמאי,לא,סטרייט,לא,קברנה סוביניון
36,נקבה,צפון,יהודה ושומרון,גבוה,גרוש,חילוני,1,1,ללא,10,לא,לא,לא,12 שנות לימוד,כן,סטרייט,לא,ריוחה
44,נקבה,יהודה ושומרון,יהודה ושומרון,נמוך,רווק,דתי,2,6,ללא,4,כן,לא,לא,12 שנות לימוד,לא,סטרייט,לא,קברנה סוביניון
30,נקבה,מרכז,יהודה ושומרון,גבוה,רווק,מסורתי,1,3,צמחונית,8,לא,כן,לא,אקדמאי,כן,בי,לא,קאווה
51,נקבה,יהודה ושומרון,צפון,בינוני,רווק,מסורתי,0,5,ללא,2,כן,לא,לא,אקדמאי,לא,סטרייט,לא,שרדונה
35,נקבה,דרום,מרכז,נמוך,נשוי,דתי,2,2,ללא,5,כן,לא,כן,אקדמאי,לא,סטרייט,לא,גוורץ
35,נקבה,צפון,מרכז,נמוך,גרוש,דתי,4,6,ללא,6,כן,לא,לא,12 שנות לימוד,כן,סטרייט,לא,קברנה סוביניון
27,זכר,צפון,דרום,גבוה,גרוש,מסורתי,0,5,ללא,8,לא,כן,כן,אקדמאי,כן,סטרייט,לא,קאווה
32,נקבה,צפון,יהודה ושומרון,נמוך,רווק,דתי,1,4,ללא,6,כן,לא,לא,12 שנות לימוד,לא,סטרייט,לא,קאווה
30,נקבה,דרום,צפון,גבוה,רווק,מסורתי,2,2,ללא,10,כן,לא,לא,אקדמאי,לא,סטרייט,לא,קאווה
40,זכר,יהודה ושומרון,יהודה ושומרון,גבוה,נשוי,מסורתי,3,3,ללא,4,כן,לא,לא,12 שנות לימוד,כן,סטרייט,לא,קברנה סוביניון
29,נקבה,מרכז,צפון,גבוה,נשוי,חילוני,2,3,ללא,10,כן,כן,לא,אקדמאי,לא,סטרייט,כן,קאווה
38,נקבה,צפון,דרום,נמוך,גרוש,דתי,2,6,ללא,2,לא,כן,לא,אקדמאי,כן,סטרייט,לא,גוורץ
53,נקבה,יהודה ושומרון,דרום,גבוה,נשוי,חילוני,1,6,צמחונית,2,כן,לא,לא,אקדמאי,לא,סטרייט,לא,שרדונה
26,נקבה,דרום,צפון,גבוה,נשוי,חילוני,1,3,צמחונית,7,לא,כן,לא,אקדמאי,לא,סטרייט,לא,קאווה
32,זכר,יהודה ושומרון,צפון,גבוה,גרוש,חילוני,2,4,ללא גלוטן,8,לא,לא,לא,אקדמאי,כן,סטרייט,לא,ריוחה
29,זכר,מרכז,יהודה ושומרון,גבוה,גרוש,חילוני,3,3,ללא,8,כן,לא,לא,אקדמאי,לא,סטרייט,כן,ריוחה
38,זכר,צפון,צפון,נמוך,נשוי,דתי,3,7,צמחונית,3,כן,לא,לא,אקדמאי,כן,סטרייט,לא,גוורץ
46,נקבה,יהודה ושומרון,יהודה ושומרון,נמוך,נשוי,דתי,2,6,ללא,1,כן,לא,לא,12 שנות לימוד,לא,סטרייט,לא,קברנה סוביניון
30,זכר,יהודה ושומרון,צפון,נמוך,רווק,דתי,3,4,ללא,8,כן,לא,לא,אקדמאי,לא,סטרייט,לא,ריוחה
42,נקבה,צפון,צפון,נמוך,גרוש,דתי,1,5,צמחונית,3,לא,לא,לא,12 שנות לימוד,לא,סטרייט,לא,שרדונה
40,זכר,דרום,צפון,נמוך,גרוש,דתי,3,7,ללא,1,לא,לא,כן,12 שנות לימוד,לא,סטרייט,לא,קברנה סוביניון
40,נקבה,מרכז,צפון,בינוני,נשוי,מסורתי,2,5,ללא,4,כן,לא,לא,אקדמאי,כן,סטרייט,לא,קברנה סוביניון
32,נקבה,דרום,צפון,נמוך,נשוי,דתי,2,2,צמחונית,7,לא,לא,לא,אקדמאי,לא,בי,לא,קאווה
55,זכר,יהודה ושומרון,דרום,גבוה,גרוש,חילוני,3,5,ללא,4,כן,לא,לא,12 שנות לימוד,לא,סטרייט,לא,שרדונה
52,נקבה,יהודה ושומרון,יהודה ושומרון,גבוה,רווק,מסורתי,2,4,ללא גלוטן,4,כן,לא,לא,12 שנות לימוד,כן,סטרייט,לא,שרדונה
32,נקבה,צפון,צפון,גבוה,רווק,חילוני,2,1,צמחונית,10,לא,לא,לא,אקדמאי,לא,סטרייט,לא,קאווה
26,נקבה,יהודה ושומרון,צפון,בינוני,רווק,מסורתי,2,3,צמחונית,8,לא,כן,לא,אקדמאי,כן,סטרייט,לא,קאווה
41,זכר,צפון,יהודה ושומרון,גבוה,נשוי,חילוני,1,4,ללא,7,לא,לא,לא,12 שנות לימוד,לא,סטרייט,לא,קברנה סוביניון
54,נקבה,מרכז,מרכז,בינוני,רווק,חילוני,0,5,ללא,1,לא,לא,כן,אקדמאי,כן,סטרייט,כן,שרדונה
27,זכר,צפון,דרום,נמוך,רווק,חילוני,3,5,ללא,6,לא,כן,כן,אקדמאי,כן,סטרייט,לא,ריוחה
54,נקבה,דרום,יהודה ושומרון,גבוה,גרוש,מסורתי,3,4,ללא גלוטן,3,לא,לא,לא,אקדמאי,כן,סטרייט,לא,שרדונה
30,זכר,דרום,דרום,גבוה,נשוי,חילוני,1,4,ללא,9,לא,כן,כן,12 שנות לימוד,כן,סטרייט,כן,קאווה
39,נקבה,יהודה ושומרון,מרכז,גבוה,נשוי,חילוני,2,5,ללא,2,לא,לא,לא,אקדמאי,כן,סטרייט,לא,גוורץ
52,נקבה,צפון,מרכז,בינוני,גרוש,חילוני,3,5,ללא,4,כן,לא,לא,אקדמאי,כן,גיי,לא,שרדונה
36,נקבה,דרום,דרום,גבוה,רווק,חילוני,2,3,ללא גלוטן,6,לא,כן,כן,אקדמאי,כן,בי,לא,גוורץ
28,זכר,דרום,מרכז,גבוה,רווק,מסורתי,1,3,ללא,8,כן,לא,כן,אקדמאי,לא,גיי,כן,קאווה
29,נקבה,מרכז,דרום,גבוה,נשוי,חילוני,3,5,ללא,5,לא,לא,לא,אקדמאי,כן,סטרייט,לא,קאווה
44,נקבה,דרום,יהודה ושומרון,בינוני,נשוי,מסורתי,2,6,צמחונית,4,כן,כן,לא,12 שנות לימוד,לא,סטרייט,לא,קברנה סוביניון
28,נקבה,דרום,מרכז,נמוך,רווק,דתי,0,4,ללא,7,לא,לא,לא,12 שנות לימוד,לא,סטרייט,לא,ריוחה
34,זכר,מרכז,דרום,גבוה,נשוי,חילוני,3,4,צמחונית,3,כן,כן,לא,12 שנות לימוד,כן,סטרייט,לא,גוורץ
38,נקבה,דרום,דרום,גבוה,גרוש,מסורתי,3,4,ללא,3,כן,לא,לא,אקדמאי,כן,סטרייט,לא,קברנה סוביניון
54,נקבה,צפון,יהודה ושומרון,גבוה,נשוי,מסורתי,1,5,ללא,6,כן,לא,לא,12 שנות לימוד,כן,סטרייט,לא,שרדונה
30,נקבה,צפון,דרום,גבוה,רווק,חילוני,2,4,צמחונית,7,כן,כן,לא,אקדמאי,כן,בי,לא,ריוחה
34,נקבה,מרכז,דרום,בינוני,רווק,דתי,2,5,ללא,3,כן,לא,כן,אקדמאי,כן,סטרייט,לא,גוורץ
42,זכר,דרום,צפון,נמוך,נשוי,דתי,0,6,ללא,3,לא,לא,לא,12 שנות לימוד,כן,סטרייט,לא,קברנה סוביניון
34,זכר,דרום,צפון,גבוה,נשוי,מסורתי,2,4,ללא,7,לא,לא,לא,12 שנות לימוד,כן,סטרייט,לא,גוורץ
31,זכר,צפון,מרכז,גבוה,נשוי,חילוני,2,3,ללא,9,כן,לא,לא,אקדמאי,כן,סטרייט,כן,קאווה
27,זכר,צפון,צפון,גבוה,רווק,מסורתי,0,3,ללא,9,לא,לא,כן,אקדמאי,כן,סטרייט,לא,קאווה
39,נקבה,דרום,דרום,גבוה,נשוי,חילוני,1,7,ללא,1,לא,כן,לא,12 שנות לימוד,לא,סטרייט,לא,קברנה סוביניון
45,נקבה,מרכז,צפון,נמוך,גרוש,דתי,3,6,ללא גלוטן,3,כן,לא,לא,אקדמאי,כן,סטרייט,לא,קברנה סוביניון
30,נקבה,צפון,יהודה ושומרון,גבוה,גרוש,מסורתי,3,2,ללא,10,לא,כן,לא,אקדמאי,כן,סטרייט,לא,קאווה
40,זכר,צפון,מרכז,נמוך,רווק,דתי,1,5,ללא,2,כן,לא,לא,12 שנות לימוד,לא,סטרייט,לא,קברנה סוביניון
27,זכר,יהודה ושומרון,דרום,נמוך,גרוש,חילוני,1,6,ללא גלוטן,8,לא,כן,לא,אקדמאי,לא,גיי,כן,קאווה
42,נקבה,דרום,יהודה ושומרון,גבוה,גרוש,מסורתי,1,3,טבעונית,5,לא,לא,לא,אקדמאי,כן,סטרייט,לא,קברנה סוביניון
33,זכר,מרכז,דרום,גבוה,רווק,מסורתי,2,5,טבעונית,6,כן,לא,כן,אקדמאי,כן,סטרייט,לא,ריוחה
33,נקבה,צפון,דרום,גבוה,נשוי,מסורתי,4,3,צמחונית,7,לא,כן,לא,אקדמאי,כן,סטרייט,לא,גוורץ
34,זכר,יהודה ושומרון,מרכז,גבוה,נשוי,מסורתי,1,4,צמחונית,3,כן,כן,לא,אקדמאי,כן,סטרייט,לא,גוורץ
31,נקבה,צפון,דרום,נמוך,רווק,דתי,1,4,צמחונית,8,כן,לא,לא,12 שנות לימוד,כן,סטרייט,לא,קאווה
28,זכר,מרכז,מרכז,גבוה,גרוש,חילוני,4,3,ללא,7,כן,כן,לא,אקדמאי,לא,סטרייט,כן,קאווה
44,זכר,יהודה ושומרון,דרום,גבוה,רווק,מסורתי,3,7,צמחונית,1,כן,לא,כן,12 שנות לימוד,כן,סטרייט,לא,קברנה סוביניון
39,נקבה,מרכז,דרום,בינוני,נשוי,מסורתי,2,6,ללא,2,לא,לא,לא,אקדמאי,כן,סטרייט,לא,קברנה סוביניון
38,זכר,יהודה ושומרון,דרום,בינוני,נשוי,חילוני,3,4,ללא,2,כן,לא,לא,אקדמאי,לא,סטרייט,לא,גוורץ
39,נקבה,צפון,מרכז,בינוני,רווק,חילוני,2,5,צמחונית,3,כן,לא,לא,אקדמאי,כן,סטרייט,לא,קברנה סוביניון
42,נקבה,יהודה ושומרון,מרכז,נמוך,רווק,דתי,6,4,ללא,7,לא,לא,לא,אקדמאי,לא,גיי,לא,קברנה סוביניון
51,נקבה,יהודה ושומרון,דרום,בינוני,רווק,מסורתי,0,5,ללא,5,לא,לא,לא,אקדמאי,לא,בי,לא,שרדונה
42,זכר,מרכז,צפון,גבוה,נשוי,חילוני,0,5,ללא,2,כן,לא,לא,אקדמאי,לא,סטרייט,לא,קברנה סוביניון
35,זכר,דרום,מרכז,גבוה,רווק,מסורתי,1,4,ללא,3,לא,כן,כן,12 שנות לימוד,כן,סטרייט,לא,גוורץ
27,זכר,צפון,יהודה ושומרון,גבוה,גרוש,מסורתי,1,2,ללא,10,לא,לא,לא,אקדמאי,כן,סטרייט,לא,קאווה
36,זכר,דרום,מרכז,נמוך,רווק,מסורתי,1,3,ללא,8,לא,לא,לא,12 שנות לימוד,לא,בי,לא,ריוחה
31,זכר,צפון,יהודה ושומרון,גבוה,נשוי,חילוני,2,2,ללא,10,כן,לא,לא,אקדמאי,כן,סטרייט,כן,קאווה
45,זכר,צפון,צפון,בינוני,רווק,מסורתי,1,4,ללא,5,כן,לא,לא,אקדמאי,כן,סטרייט,לא,קברנה סוביניון
32,זכר,צפון,יהודה ושומרון,גבוה,רווק,מסורתי,1,3,ללא,9,כן,כן,כן,אקדמאי,כן,גיי,כן,ריוחה
31,נקבה,דרום,דרום,נמוך,גרוש,דתי,0,3,ללא,5,לא,לא,לא,12 שנות לימוד,לא,בי,לא,ריוחה
39,זכר,מרכז,דרום,נמוך,נשוי,דתי,3,6,ללא,2,כן,לא,לא,12 שנות לימוד,כן,סטרייט,לא,קברנה סוביניון
34,נקבה,צפון,יהודה ושומרון,בינוני,רווק,מסורתי,4,4,ללא,8,כן,לא,לא,אקדמאי,כן,סטרייט,לא,ריוחה
40,זכר,יהודה ושומרון,דרום,גבוה,נשוי,מסורתי,2,4,ללא,3,כן,לא,לא,12 שנות לימוד,לא,גיי,לא,גוורץ
31,זכר,מרכז,דרום,גבוה,נשוי,מסורתי,1,6,ללא,7,לא,לא,כן,12 שנות לימוד,כן,בי,לא,ריוחה
54,נקבה,צפון,דרום,נמוך,גרוש,דתי,1,5,ללא גלוטן,2,כן,לא,לא,12 שנות לימוד,לא,גיי,לא,שרדונה
27,נקבה,יהודה ושומרון,יהודה ושומרון,נמוך,רווק,דתי,1,4,צמחונית,9,כן,לא,לא,אקדמאי,כן,בי,לא,קאווה
49,זכר,דרום,מרכז,גבוה,נשוי,חילוני,1,5,ללא,4,לא,לא,לא,12 שנות לימוד,לא,גיי,לא,שרדונה
22,נקבה,יהודה ושומרון,דרום,גבוה,גרוש,חילוני,1,5,ללא,7,לא,לא,לא,12 שנות לימוד,לא,סטרייט,לא,ריוחה
41,זכר,יהודה ושומרון,צפון,נמוך,גרוש,דתי,1,6,ללא,3,לא,לא,כן,12 שנות לימוד,לא,סטרייט,לא,קברנה סוביניון
38,נקבה,צפון,יהודה ושומרון,נמוך,רווק,דתי,1,4,ללא,4,לא,לא,לא,12 שנות לימוד,כן,סטרייט,לא,קברנה סוביניון
52,נקבה,דרום,צפון,גבוה,נשוי,חילוני,1,6,ללא,1,לא,לא,לא,12 שנות לימוד,כן,סטרייט,לא,שרדונה
47,זכר,דרום,מרכז,גבוה,נשוי,מסורתי,3,6,ללא,3,לא,לא,לא,אקדמאי,כן,סטרייט,לא,שרדונה
40,נקבה,דרום,דרום,גבוה,רווק,מסורתי,1,5,ללא,6,כן,לא,לא,אקדמאי,לא,סטרייט,לא,ריוחה
31,זכר,דרום,דרום,גבוה,רווק,חילוני,0,3,ללא,8,כן,כן,לא,12 שנות לימוד,כן,סטרייט,לא,קאווה
36,נקבה,מרכז,מרכז,בינוני,רווק,דתי,1,3,צמחונית,10,לא,לא,לא,אקדמאי,כן,גיי,לא,קאווה
46,נקבה,יהודה ושומרון,מרכז,נמוך,רווק,דתי,1,5,ללא,1,לא,לא,לא,אקדמאי,כן,סטרייט,לא,שרדונה
37,נקבה,מרכז,דרום,גבוה,נשוי,חילוני,2,5,ללא,2,כן,כן,לא,אקדמאי,כן,סטרייט,לא,גוורץ
32,נקבה,דרום,יהודה ושומרון,גבוה,גרוש,חילוני,3,5,ללא,5,לא,לא,לא,12 שנות לימוד,כן,סטרייט,לא,ריוחה
25,נקבה,מרכז,דרום,נמוך,נשוי,דתי,5,3,צמחונית,10,כן,לא,לא,אקדמאי,כן,סטרייט,לא,קאווה
49,נקבה,יהודה ושומרון,מרכז,גבוה,גרוש,חילוני,2,3,טבעונית,4,כן,לא,לא,12 שנות לימוד,לא,סטרייט,לא,שרדונה
32,נקבה,צפון,דרום,גבוה,נשוי,חילוני,2,5,ללא,2,לא,לא,לא,12 שנות לימוד,לא,סטרייט,כן,גוורץ
39,נקבה,יהודה ושומרון,יהודה ושומרון,נמוך,גרוש,דתי,5,6,צמחונית,6,כן,לא,לא,אקדמאי,לא,סטרייט,לא,קברנה סוביניון
49,נקבה,מרכז,מרכז,בינוני,גרוש,חילוני,0,6,ללא,2,לא,לא,לא,12 שנות לימוד,כן,סטרייט,כן,שרדונה
36,זכר,מרכז,דרום,גבוה,רווק,מסורתי,3,5,ללא,3,לא,כן,כן,אקדמאי,כן,סטרייט,לא,קברנה סוביניון
52,זכר,דרום,צפון,נמוך,נשוי,דתי,4,5,ללא,3,לא,לא,לא,12 שנות לימוד,לא,סטרייט,לא,שרדונה
49,זכר,דרום,מרכז,גבוה,רווק,חילוני,2,5,ללא,4,לא,לא,לא,12 שנות לימוד,כן,בי,לא,שרדונה
22,זכר,צפון,דרום,בינוני,נשוי,דתי,2,7,ללא,5,לא,לא,לא,אקדמאי,לא,גיי,לא,ריוחה
39,נקבה,יהודה ושומרון,יהודה ושומרון,גבוה,רווק,חילוני,1,4,צמחונית,5,כן,לא,כן,12 שנות לימוד,כן,סטרייט,לא,גוורץ
35,נקבה,יהודה ושומרון,מרכז,גבוה,נשוי,חילוני,0,5,ללא,3,כן,לא,לא,אקדמאי,לא,בי,לא,גוורץ
33,זכר,יהודה ושומרון,דרום,גבוה,נשוי,מסורתי,3,2,ללא,11,כן,לא,לא,12 שנות לימוד,לא,סטרייט,כן,קאווה
53,נקבה,צפון,דרום,גבוה,נשוי,חילוני,0,4,צמחונית,2,כן,לא,לא,אקדמאי,כן,סטרייט,לא,שרדונה
39,נקבה,דרום,צפון,גבוה,גרוש,חילוני,0,5,ללא,4,לא,לא,לא,אקדמאי,כן,סטרייט,לא,גוורץ
51,זכר,דרום,דרום,גבוה,נשוי,מסורתי,2,6,ללא,2,כן,לא,לא,אקדמאי,כן,סטרייט,כן,שרדונה
53,נקבה,צפון,יהודה ושומרון,גבוה,גרוש,חילוני,1,6,ללא,1,לא,לא,לא,אקדמאי,כן,סטרייט,לא,שרדונה
41,זכר,צפון,יהודה ושומרון,גבוה,נשוי,חילוני,2,3,ללא גלוטן,6,כן,לא,לא,אקדמאי,כן,סטרייט,לא,קברנה סוביניון
28,זכר,צפון,מרכז,גבוה,רווק,חילוני,0,5,ללא,9,לא,כן,לא,אקדמאי,לא,סטרייט,כן,קאווה
28,נקבה,דרום,מרכז,גבוה,רווק,חילוני,1,3,ללא,10,כן,כן,לא,12 שנות לימוד,לא,גיי,כן,קאווה
29,נקבה,יהודה ושומרון,יהודה ושומרון,נמוך,גרוש,דתי,2,4,ללא גלוטן,6,לא,לא,לא,12 שנות לימוד,כן,גיי,לא,ריוחה
55,זכר,דרום,דרום,גבוה,רווק,חילוני,1,6,ללא,2,לא,לא,לא,12 שנות לימוד,כן,סטרייט,לא,שרדונה
39,זכר,דרום,מרכז,גבוה,גרוש,חילוני,1,6,ללא,2,כן,לא,לא,12 שנות לימוד,לא,סטרייט,לא,קברנה סוביניון
30,נקבה,דרום,יהודה ושומרון,גבוה,רווק,חילוני,2,5,ללא,4,כן,כן,לא,12 שנות לימוד,כן,סטרייט,כן,גוורץ
29,זכר,יהודה ושומרון,מרכז,גבוה,רווק,חילוני,0,4,ללא,7,כן,כן,לא,אקדמאי,כן,בי,כן,קאווה
42,זכר,מרכז,צפון,גבוה,גרוש,מסורתי,2,5,ללא,4,לא,לא,לא,אקדמאי,לא,סטרייט,לא,קברנה סוביניון
42,זכר,יהודה ושומרון,יהודה ושומרון,נמוך,גרוש,חילוני,2,7,ללא,2,כן,לא,לא,אקדמאי,לא,סטרייט,לא,קברנה סוביניון
25,נקבה,דרום,יהודה ושומרון,נמוך,נשוי,חילוני,1,6,ללא,8,לא,לא,לא,אקדמאי,לא,בי,לא,קאווה
34,נקבה,דרום,יהודה ושומרון,גבוה,גרוש,מסורתי,1,4,צמחונית,9,כן,כן,לא,אקדמאי,כן,סטרייט,לא,ריוחה
45,נקבה,דרום,דרום,גבוה,נשוי,חילוני,0,6,ללא,3,כן,לא,לא,12 שנות לימוד,לא,סטרייט,לא,שרדונה
42,זכר,דרום,מרכז,גבוה,נשוי,חילוני,2,4,ללא,2,כן,לא,כן,12 שנות לימוד,כן,סטרייט,לא,קברנה סוביניון
36,נקבה,מרכז,יהודה ושומרון,גבוה,גרוש,חילוני,2,5,ללא,7,כן,לא,לא,אקדמאי,לא,בי,לא,ריוחה
56,נקבה,צפון,יהודה ושומרון,גבוה,גרוש,דתי,2,7,ללא,3,לא,לא,לא,אקדמאי,כן,סטרייט,לא,שרדונה
50,נקבה,יהודה ושומרון,יהודה ושומרון,נמוך,גרוש,דתי,2,4,ללא,4,לא,לא,לא,אקדמאי,כן,סטרייט,לא,שרדונה
36,נקבה,מרכז,יהודה ושומרון,גבוה,רווק,חילוני,2,2,ללא,6,לא,לא,לא,אקדמאי,לא,בי,לא,ריוחה
39,זכר,דרום,צפון,בינוני,רווק,מסורתי,3,3,ללא,8,לא,לא,לא,אקדמאי,כן,סטרייט,כן,ריוחה
51,נקבה,מרכז,דרום,גבוה,גרוש,חילוני,2,7,טבעונית,1,כן,לא,לא,אקדמאי,כן,סטרייט,לא,שרדונה
39,זכר,צפון,מרכז,גבוה,נשוי,חילוני,3,4,ללא,3,כן,לא,לא,12 שנות לימוד,כן,סטרייט,לא,קברנה סוביניון
35,נקבה,יהודה ושומרון,יהודה ושומרון,גבוה,גרוש,חילוני,3,3,ללא,5,לא,לא,לא,אקדמאי,לא,סטרייט,לא,גוורץ
41,נקבה,צפון,יהודה ושומרון,גבוה,נשוי,מסורתי,1,6,צמחונית,1,כן,לא,לא,אקדמאי,כן,סטרייט,לא,קברנה סוביניון
41,זכר,דרום,יהודה ושומרון,נמוך,גרוש,מסורתי,1,5,ללא,1,כן,לא,לא,12 שנות לימוד,כן,סטרייט,לא,קברנה סוביניון
39,נקבה,מרכז,צפון,בינוני,רווק,מסורתי,3,3,ללא,5,לא,לא,לא,12 שנות לימוד,לא,סטרייט,לא,גוורץ
52,נקבה,דרום,דרום,נמוך,נשוי,דתי,4,4,ללא,4,לא,לא,לא,12 שנות לימוד,כן,סטרייט,לא,שרדונה
54,נקבה,צפון,דרום,גבוה,נשוי,חילוני,3,5,ללא,3,לא,לא,לא,אקדמאי,כן,סטרייט,לא,שרדונה
43,נקבה,יהודה ושומרון,מרכז,נמוך,גרוש,מסורתי,1,4,צמחונית,3,כן,לא,לא,12 שנות לימוד,לא,סטרייט,לא,קברנה סוביניון
38,נקבה,דרום,יהודה ושומרון,נמוך,נשוי,דתי,7,5,ללא,3,כן,לא,לא,12 שנות לימוד,כן,סטרייט,לא,גוורץ
32,זכר,מרכז,צפון,גבוה,גרוש,מסורתי,1,3,ללא,9,כן,לא,לא,אקדמאי,לא,בי,לא,ריוחה
31,נקבה,צפון,צפון,בינוני,נשוי,מסורתי,2,6,טבעונית,4,כן,לא,לא,12 שנות לימוד,כן,סטרייט,לא,גוורץ
26,נקבה,מרכז,דרום,גבוה,נשוי,חילוני,4,3,ללא,9,לא,כן,לא,12 שנות לימוד,כן,גיי,כן,קאווה
23,זכר,יהודה ושומרון,יהודה ושומרון,גבוה,נשוי,מסורתי,3,4,ללא,9,לא,לא,לא,אקדמאי,כן,סטרייט,לא,קאווה
40,זכר,מרכז,מרכז,גבוה,נשוי,חילוני,1,5,ללא,3,לא,כן,לא,12 שנות לימוד,כן,סטרייט,כן,גוורץ
45,זכר,יהודה ושומרון,דרום,גבוה,גרוש,חילוני,1,4,ללא,2,לא,כן,לא,12 שנות לימוד,לא,בי,לא,שרדונה
37,נקבה,יהודה ושומרון,צפון,גבוה,גרוש,מסורתי,1,4,ללא גלוטן,7,לא,לא,לא,12 שנות לימוד,לא,סטרייט,לא,ריוחה
38,נקבה,דרום,דרום,בינוני,גרוש,מסורתי,1,5,ללא,4,כן,לא,לא,אקדמאי,כן,סטרייט,לא,קברנה סוביניון
55,זכר,יהודה ושומרון,מרכז,בינוני,נשוי,מסורתי,1,4,צמחונית,3,לא,לא,לא,12 שנות לימוד,לא,סטרייט,לא,שרדונה
26,נקבה,דרום,מרכז,בינוני,נשוי,מסורתי,3,5,ללא,5,לא,לא,לא,אקדמאי,לא,גיי,לא,ריוחה
35,זכר,דרום,דרום,בינוני,רווק,חילוני,2,5,ללא,5,כן,כן,לא,אקדמאי,כן,סטרייט,לא,ריוחה
24,נקבה,יהודה ושומרון,יהודה ושומרון,נמוך,רווק,דתי,2,3,ללא,9,לא,לא,לא,12 שנות לימוד,כן,גיי,לא,קאווה
55,נקבה,מרכז,יהודה ושומרון,בינוני,נשוי,דתי,4,6,ללא גלוטן,1,לא,לא,לא,אקדמאי,כן,סטרייט,לא,שרדונה
56,נקבה,מרכז,דרום,נמוך,נשוי,דתי,2,4,ללא,3,כן,לא,לא,12 שנות לימוד,לא,סטרייט,לא,שרדונה
37,זכר,מרכז,דרום,נמוך,נשוי,דתי,3,6,ללא,2,לא,לא,כן,12 שנות לימוד,כן,סטרייט,לא,גוורץ
44,זכר,יהודה ושומרון,מרכז,נמוך,נשוי,חילוני,2,4,ללא,3,כן,לא,לא,12 שנות לימוד,כן,סטרייט,לא,קברנה סוביניון
32,זכר,מרכז,דרום,גבוה,רווק,חילוני,2,5,ללא,7,לא,לא,לא,אקדמאי,כן,בי,לא,ריוחה
33,זכר,דרום,יהודה ושומרון,גבוה,רווק,חילוני,2,3,צמחונית,7,כן,לא,לא,אקדמאי,כן,סטרייט,לא,ריוחה
38,נקבה,דרום,מרכז,גבוה,נשוי,חילוני,1,4,צמחונית,3,לא,לא,לא,12 שנות לימוד,כן,סטרייט,לא,גוורץ
33,נקבה,יהודה ושומרון,צפון,נמוך,רווק,דתי,5,4,טבעונית,4,כן,לא,לא,12 שנות לימוד,כן,סטרייט,לא,ריוחה
35,זכר,מרכז,יהודה ושומרון,גבוה,נשוי,חילוני,0,2,ללא,9,לא,כן,לא,12 שנות לימוד,לא,סטרייט,לא,קאווה
55,נקבה,צפון,יהודה ושומרון,בינוני,נשוי,מסורתי,1,6,ללא,1,לא,כן,לא,אקדמאי,לא,סטרייט,לא,שרדונה
33,נקבה,יהודה ושומרון,יהודה ושומרון,נמוך,רווק,דתי,3,5,טבעונית,8,כן,לא,לא,אקדמאי,כן,בי,לא,ריוחה
52,נקבה,דרום,מרכז,נמוך,נשוי,דתי,1,6,ללא,1,לא,לא,לא,12 שנות לימוד,כן,סטרייט,לא,שרדונה
29,זכר,צפון,צפון,בינוני,נשוי,חילוני,1,3,ללא,10,לא,לא,לא,12 שנות לימוד,כן,סטרייט,לא,קאווה
55,נקבה,מרכז,דרום,גבוה,גרוש,חילוני,2,6,ללא,1,כן,לא,לא,אקדמאי,כן,סטרייט,לא,שרדונה
23,זכר,דרום,יהודה ושומרון,גבוה,גרוש,חילוני,0,2,צמחונית,10,לא,כן,לא,אקדמאי,כן,בי,לא,קאווה
34,זכר,דרום,מרכז,גבוה,גרוש,מסורתי,1,5,ללא גלוטן,5,כן,לא,כן,אקדמאי,לא,סטרייט,לא,קברנה סוביניון
50,נקבה,יהודה ושומרון,צפון,נמוך,גרוש,דתי,2,3,ללא,3,כן,לא,לא,12 שנות לימוד,כן,סטרייט,לא,שרדונה
32,נקבה,דרום,יהודה ושומרון,נמוך,רווק,דתי,5,3,ללא,9,כן,לא,לא,12 שנות לימוד,כן,סטרייט,לא,קאווה
26,זכר,יהודה ושומרון,צפון,גבוה,גרוש,מסורתי,0,4,ללא,7,כן,לא,כן,אקדמאי,כן,סטרייט,לא,ריוחה
55,נקבה,דרום,דרום,גבוה,גרוש,חילוני,1,6,ללא,2,כן,לא,לא,אקדמאי,כן,סטרייט,לא,שרדונה
52,נקבה,צפון,מרכז,בינוני,נשוי,מסורתי,0,1,ללא,6,לא,לא,לא,12 שנות לימוד,לא,סטרייט,לא,שרדונה
33,זכר,יהודה ושומרון,דרום,גבוה,נשוי,מסורתי,0,5,ללא,3,כן,לא,לא,אקדמאי,לא,סטרייט,לא,גוורץ
42,זכר,יהודה ושומרון,צפון,נמוך,נשוי,דתי,4,3,ללא,6,לא,לא,לא,12 שנות לימוד,כן,סטרייט,לא,גוורץ
40,זכר,צפון,מרכז,נמוך,רווק,דתי,5,5,ללא,2,כן,לא,לא,12 שנות לימוד,כן,סטרייט,לא,קברנה סוביניון
40,זכר,דרום,דרום,גבוה,רווק,חילוני,2,4,ללא,5,לא,לא,לא,אקדמאי,כן,סטרייט,לא,קברנה סוביניון
29,נקבה,מרכז,מרכז,גבוה,גרוש,מסורתי,2,2,צמחונית,8,לא,לא,כן,12 שנות לימוד,לא,סטרייט,לא,ריוחה
36,נקבה,יהודה ושומרון,דרום,נמוך,רווק,דתי,0,5,ללא,4,לא,לא,לא,אקדמאי,כן,סטרייט,לא,גוורץ
38,זכר,יהודה ושומרון,צפון,בינוני,גרוש,מסורתי,2,6,ללא,1,לא,לא,לא,12 שנות לימוד,כן,גיי,לא,קברנה סוביניון
28,זכר,יהודה ושומרון,מרכז,גבוה,רווק,מסורתי,2,3,צמחונית,8,כן,לא,לא,אקדמאי,כן,סטרייט,לא,קאווה
38,זכר,דרום,יהודה ושומרון,גבוה,גרוש,חילוני,3,4,ללא,5,לא,כן,לא,12 שנות לימוד,כן,סטרייט,כן,ריוחה
34,נקבה,צפון,יהודה ושומרון,גבוה,רווק,חילוני,3,3,צמחונית,4,לא,כן,כן,אקדמאי,כן,סטרייט,לא,גוורץ
26,נקבה,יהודה ושומרון,צפון,גבוה,רווק,חילוני,1,6,ללא,7,לא,כן,לא,אקדמאי,כן,גיי,לא,ריוחה
25,נקבה,דרום,מרכז,בינוני,גרוש,מסורתי,3,6,ללא,6,לא,לא,לא,12 שנות לימוד,כן,סטרייט,לא,ריוחה
42,זכר,יהודה ושומרון,דרום,נמוך,גרוש,דתי,5,6,ללא,1,לא,לא,לא,12 שנות לימוד,כן,סטרייט,לא,קברנה סוביניון
54,נקבה,מרכז,יהודה ושומרון,גבוה,רווק,חילוני,2,6,צמחונית,3,לא,כן,לא,12 שנות לימוד,לא,סטרייט,כן,שרדונה
37,נקבה,דרום,צפון,נמוך,גרוש,דתי,0,4,ללא,6,כן,כן,לא,אקדמאי,לא,בי,לא,גוורץ
40,זכר,דרום,צפון,נמוך,גרוש,מסורתי,0,2,ללא,6,כן,לא,לא,12 שנות לימוד,כן,סטרייט,לא,קברנה סוביניון
37,נקבה,צפון,צפון,נמוך,רווק,דתי,5,5,ללא גלוטן,5,כן,לא,לא,אקדמאי,כן,גיי,לא,גוורץ
38,זכר,צפון,מרכז,נמוך,רווק,דתי,0,5,ללא,1,לא,לא,לא,אקדמאי,כן,גיי,לא,קברנה סוביניון
42,זכר,צפון,יהודה ושומרון,גבוה,נשוי,מסורתי,2,6,ללא,1,כן,לא,כן,אקדמאי,כן,סטרייט,לא,קברנה סוביניון
35,נקבה,דרום,מרכז,גבוה,רווק,חילוני,1,3,ללא,7,לא,כן,לא,12 שנות לימוד,כן,גיי,לא,ריוחה
39,נקבה,יהודה ושומרון,מרכז,נמוך,נשוי,דתי,1,3,ללא,5,לא,לא,לא,12 שנות לימוד,כן,בי,לא,גוורץ
38,זכר,יהודה ושומרון,יהודה ושומרון,גבוה,נשוי,מסורתי,1,7,ללא,2,כן,כן,לא,12 שנות לימוד,לא,סטרייט,כן,קברנה סוביניון
32,זכר,צפון,דרום,בינוני,רווק,מסורתי,1,1,צמחונית,9,כן,לא,לא,אקדמאי,כן,גיי,לא,ריוחה
37,זכר,דרום,מרכז,גבוה,גרוש,מסורתי,4,6,ללא,4,לא,לא,לא,12 שנות לימוד,כן,גיי,לא,קברנה סוביניון
31,נקבה,דרום,יהודה ושומרון,בינוני,רווק,דתי,5,6,ללא,4,כן,לא,לא,12 שנות לימוד,כן,בי,לא,ריוחה
31,נקבה,יהודה ושומרון,מרכז,בינוני,נשוי,חילוני,0,3,ללא,10,כן,כן,לא,אקדמאי,כן,בי,כן,קאווה
40,נקבה,צפון,יהודה ושומרון,גבוה,גרוש,מסורתי,1,3,ללא,5,לא,לא,לא,אקדמאי,כן,סטרייט,לא,גוורץ
33,נקבה,מרכז,יהודה ושומרון,גבוה,רווק,חילוני,0,5,ללא,7,כן,לא,לא,12 שנות לימוד,כן,סטרייט,לא,קאווה
51,זכר,דרום,צפון,גבוה,נשוי,חילוני,1,6,ללא,4,לא,לא,לא,אקדמאי,לא,סטרייט,לא,שרדונה
52,נקבה,יהודה ושומרון,דרום,גבוה,נשוי,חילוני,2,5,ללא,3,לא,לא,לא,12 שנות לימוד,כן,סטרייט,לא,שרדונה
37,נקבה,דרום,צפון,נמוך,גרוש,דתי,5,6,ללא,2,כן,לא,לא,אקדמאי,לא,סטרייט,לא,גוורץ
40,נקבה,צפון,מרכז,נמוך,רווק,דתי,3,3,צמחונית,4,לא,לא,כן,אקדמאי,כן,סטרייט,לא,קברנה סוביניון
26,נקבה,יהודה ושומרון,יהודה ושומרון,בינוני,נשוי,חילוני,2,3,צמחונית,9,כן,לא,כן,אקדמאי,כן,גיי,כן,קאווה
36,זכר,מרכז,דרום,גבוה,רווק,מסורתי,0,3,ללא,8,כן,לא,כן,אקדמאי,כן,בי,לא,ריוחה
44,נקבה,צפון,צפון,גבוה,גרוש,מסורתי,4,4,טבעונית,3,לא,לא,לא,12 שנות לימוד,כן,סטרייט,לא,קברנה סוביניון
30,זכר,יהודה ושומרון,צפון,גבוה,רווק,חילוני,0,2,ללא,9,כן,כן,לא,אקדמאי,כן,סטרייט,כן,קאווה
54,זכר,צפון,דרום,גבוה,נשוי,מסורתי,2,5,ללא גלוטן,2,לא,לא,כן,אקדמאי,לא,סטרייט,לא,שרדונה
51,זכר,מרכז,דרום,גבוה,גרוש,חילוני,0,4,ללא,3,כן,לא,לא,אקדמאי,לא,סטרייט,לא,שרדונה
40,זכר,מרכז,דרום,נמוך,רווק,חילוני,2,2,צמחונית,7,כן,לא,כן,אקדמאי,כן,סטרייט,לא,קברנה סוביניון
43,נקבה,דרום,יהודה ושומרון,בינוני,גרוש,חילוני,2,4,ללא,4,כן,לא,לא,אקדמאי,לא,סטרייט,לא,קברנה סוביניון
38,זכר,צפון,מרכז,גבוה,נשוי,מסורתי,3,3,ללא,6,כן,לא,לא,אקדמאי,לא,סטרייט,לא,גוורץ
51,זכר,צפון,מרכז,גבוה,גרוש,חילוני,2,5,ללא,1,לא,לא,לא,12 שנות לימוד,כן,סטרייט,לא,שרדונה
24,נקבה,דרום,צפון,נמוך,נשוי,חילוני,2,3,צמחונית,10,כן,לא,לא,אקדמאי,כן,סטרייט,לא,קאווה
38,זכר,צפון,דרום,גבוה,גרוש,מסורתי,0,4,ללא,6,כן,לא,לא,12 שנות לימוד,כן,סטרייט,לא,גוורץ
41,זכר,צפון,דרום,גבוה,גרוש,מסורתי,2,3,ללא,8,כן,לא,לא,אקדמאי,כן,בי,לא,קברנה סוביניון
28,נקבה,דרום,דרום,נמוך,רווק,דתי,4,3,ללא,8,כן,לא,לא,אקדמאי,כן,סטרייט,לא,קאווה
24,זכר,יהודה ושומרון,מרכז,גבוה,רווק,חילוני,0,2,ללא,8,לא,כן,כן,אקדמאי,כן,בי,כן,קאווה
49,זכר,צפון,דרום,גבוה,גרוש,מסורתי,2,6,ללא גלוטן,1,כן,לא,לא,12 שנות לימוד,כן,סטרייט,לא,שרדונה
49,נקבה,דרום,דרום,גבוה,נשוי,מסורתי,1,5,ללא,3,לא,לא,לא,אקדמאי,לא,סטרייט,לא,שרדונה
42,זכר,צפון,דרום,גבוה,נשוי,מסורתי,2,5,ללא,4,לא,לא,לא,אקדמאי,לא,סטרייט,לא,קברנה סוביניון
35,זכר,דרום,דרום,נמוך,רווק,דתי,0,3,ללא,6,כן,לא,לא,אקדמאי,כן,סטרייט,לא,ריוחה
45,נקבה,דרום,יהודה ושומרון,נמוך,רווק,דתי,1,6,ללא גלוטן,4,כן,לא,לא,אקדמאי,לא,סטרייט,לא,קברנה סוביניון
34,נקבה,דרום,מרכז,גבוה,רווק,חילוני,1,5,ללא,6,לא,כן,לא,אקדמאי,לא,גיי,לא,ריוחה
42,זכר,דרום,יהודה ושומרון,נמוך,נשוי,דתי,3,4,ללא,4,לא,לא,לא,אקדמאי,כן,סטרייט,לא,קברנה סוביניון
35,זכר,דרום,צפון,גבוה,גרוש,חילוני,1,4,ללא,4,לא,לא,לא,אקדמאי,לא,סטרייט,לא,קברנה סוביניון
53,זכר,צפון,דרום,גבוה,נשוי,חילוני,3,5,ללא,1,כן,לא,לא,12 שנות לימוד,לא,גיי,לא,שרדונה
52,נקבה,דרום,צפון,גבוה,גרוש,מסורתי,2,5,טבעונית,3,כן,לא,לא,12 שנות לימוד,כן,סטרייט,לא,שרדונה
33,נקבה,צפון,דרום,בינוני,גרוש,מסורתי,3,2,ללא,5,לא,לא,לא,אקדמאי,כן,סטרייט,לא,גוורץ
29,נקבה,יהודה ושומרון,מרכז,בינוני,נשוי,דתי,3,4,ללא,6,כן,לא,לא,אקדמאי,לא,סטרייט,כן,קאווה
42,זכר,דרום,יהודה ושומרון,בינוני,רווק,מסורתי,0,5,ללא,2,כן,לא,כן,אקדמאי,כן,גיי,לא,גוורץ
55,נקבה,מרכז,מרכז,גבוה,נשוי,מסורתי,1,3,ללא,1,לא,לא,לא,12 שנות לימוד,כן,סטרייט,לא,שרדונה
29,נקבה,מרכז,דרום,בינוני,רווק,מסורתי,0,2,ללא,9,לא,כן,לא,12 שנות לימוד,כן,בי,לא,קאווה
36,נקבה,יהודה ושומרון,מרכז,נמוך,רווק,דתי,5,5,ללא,4,כן,כן,לא,אקדמאי,כן,בי,לא,גוורץ
37,זכר,יהודה ושומרון,מרכז,גבוה,גרוש,חילוני,3,6,ללא,2,כן,לא,לא,12 שנות לימוד,לא,סטרייט,לא,גוורץ
44,נקבה,צפון,יהודה ושומרון,בינוני,רווק,דתי,4,4,ללא,2,לא,לא,לא,12 שנות לימוד,כן,סטרייט,לא,קברנה סוביניון
41,זכר,מרכז,דרום,גבוה,גרוש,מסורתי,1,3,ללא,5,כן,לא,לא,12 שנות לימוד,לא,סטרייט,לא,קברנה סוביניון
22,נקבה,יהודה ושומרון,מרכז,גבוה,רווק,חילוני,0,5,ללא גלוטן,8,כן,כן,כן,אקדמאי,לא,בי,כן,קאווה
31,נקבה,צפון,צפון,בינוני,רווק,מסורתי,1,4,ללא גלוטן,6,כן,לא,לא,12 שנות לימוד,כן,סטרייט,לא,ריוחה
54,נקבה,דרום,מרכז,בינוני,נשוי,חילוני,0,5,ללא,3,לא,לא,לא,אקדמאי,כן,סטרייט,לא,שרדונה
31,נקבה,צפון,מרכז,גבוה,רווק,חילוני,0,4,צמחונית,9,לא,לא,לא,אקדמאי,כן,סטרייט,לא,קאווה
52,זכר,מרכז,מרכז,נמוך,גרוש,חילוני,2,7,צמחונית,2,לא,לא,לא,12 שנות לימוד,כן,סטרייט,לא,שרדונה
42,נקבה,צפון,יהודה ושומרון,גבוה,נשוי,חילוני,1,6,ללא,3,כן,לא,לא,אקדמאי,לא,סטרייט,לא,קברנה סוביניון
34,זכר,דרום,יהודה ושומרון,בינוני,גרוש,מסורתי,0,2,ללא,8,לא,לא,כן,אקדמאי,כן,גיי,לא,ריוחה
42,נקבה,יהודה ושומרון,מרכז,גבוה,גרוש,מסורתי,1,2,צמחונית,5,לא,לא,כן,אקדמאי,כן,סטרייט,לא,קברנה סוביניון
55,נקבה,צפון,מרכז,נמוך,נשוי,דתי,1,6,ללא,2,כן,לא,לא,12 שנות לימוד,לא,סטרייט,לא,שרדונה
35,נקבה,מרכז,יהודה ושומרון,בינוני,נשוי,חילוני,1,4,ללא,4,לא,כן,לא,אקדמאי,כן,סטרייט,כן,גוורץ
38,נקבה,צפון,דרום,נמוך,נשוי,מסורתי,1,6,צמחונית,5,לא,לא,לא,12 שנות לימוד,כן,סטרייט,לא,קברנה סוביניון
44,זכר,צפון,מרכז,בינוני,רווק,חילוני,3,4,ללא,6,לא,לא,לא,12 שנות לימוד,כן,סטרייט,לא,קברנה סוביניון
49,זכר,מרכז,דרום,נמוך,נשוי,דתי,0,7,ללא,1,לא,לא,לא,אקדמאי,כן,סטרייט,לא,שרדונה
54,זכר,יהודה ושומרון,מרכז,גבוה,נשוי,חילוני,1,7,ללא,3,כן,לא,לא,אקדמאי,כן,סטרייט,לא,שרדונה
39,נקבה,יהודה ושומרון,צפון,נמוך,נשוי,דתי,5,6,טבעונית,4,לא,לא,לא,אקדמאי,כן,סטרייט,לא,גוורץ
32,נקבה,יהודה ושומרון,יהודה ושומרון,גבוה,נשוי,חילוני,0,3,ללא גלוטן,5,לא,לא,לא,אקדמאי,כן,סטרייט,לא,גוורץ
55,זכר,דרום,דרום,גבוה,גרוש,חילוני,1,5,ללא גלוטן,4,לא,לא,לא,אקדמאי,לא,סטרייט,לא,שרדונה
41,נקבה,יהודה ושומרון,דרום,נמוך,גרוש,דתי,3,6,ללא,4,כן,לא,לא,אקדמאי,לא,סטרייט,לא,קברנה סוביניון
28,נקבה,מרכז,יהודה ושומרון,גבוה,נשוי,מסורתי,2,3,ללא,8,כן,לא,לא,12 שנות לימוד,לא,סטרייט,לא,ריוחה
41,זכר,מרכז,יהודה ושומרון,גבוה,נשוי,חילוני,2,1,ללא,6,לא,כן,לא,12 שנות לימוד,כן,סטרייט,כן,קברנה סוביניון
50,זכר,צפון,צפון,גבוה,נשוי,מסורתי,0,7,ללא,1,כן,לא,לא,אקדמאי,כן,גיי,לא,שרדונה
32,נקבה,דרום,יהודה ושומרון,גבוה,רווק,מסורתי,0,7,צמחונית,2,לא,לא,לא,אקדמאי,כן,סטרייט,לא,גוורץ
32,זכר,דרום,דרום,גבוה,נשוי,חילוני,1,5,ללא,6,לא,לא,לא,אקדמאי,כן,בי,לא,גוורץ
33,נקבה,מרכז,מרכז,נמוך,רווק,דתי,0,6,ללא גלוטן,5,כן,לא,לא,אקדמאי,כן,סטרייט,לא,ריוחה
34,זכר,יהודה ושומרון,דרום,נמוך,נשוי,דתי,2,3,טבעונית,5,לא,לא,לא,12 שנות לימוד,לא,סטרייט,לא,ריוחה
32,זכר,דרום,צפון,נמוך,רווק,דתי,4,5,ללא,6,לא,לא,לא,אקדמאי,לא,בי,לא,ריוחה
24,נקבה,מרכז,דרום,גבוה,נשוי,חילוני,3,6,ללא,9,כן,כן,לא,אקדמאי,כן,סטרייט,לא,קאווה
42,זכר,צפון,צפון,בינוני,גרוש,מסורתי,4,5,ללא,3,כן,לא,לא,אקדמאי,לא,גיי,לא,גוורץ
39,נקבה,יהודה ושומרון,דרום,בינוני,גרוש,מסורתי,2,5,ללא,3,לא,כן,לא,אקדמאי,כן,גיי,לא,קברנה סוביניון
35,נקבה,יהודה ושומרון,יהודה ושומרון,גבוה,נשוי,מסורתי,2,6,ללא גלוטן,5,לא,לא,לא,אקדמאי,לא,סטרייט,לא,גוורץ
42,זכר,מרכז,דרום,גבוה,רווק,מסורתי,4,4,ללא,4,כן,לא,לא,12 שנות לימוד,כן,גיי,לא,קברנה סוביניון
33,נקבה,מרכז,צפון,גבוה,גרוש,חילוני,2,4,ללא,5,כן,לא,לא,12 שנות לימוד,לא,בי,כן,ריוחה
46,זכר,מרכז,צפון,בינוני,גרוש,מסורתי,1,3,צמחונית,5,כן,לא,לא,אקדמאי,לא,סטרייט,לא,קברנה סוביניון
48,נקבה,מרכז,דרום,נמוך,גרוש,חילוני,0,6,צמחונית,4,כן,לא,לא,אקדמאי,כן,סטרייט,לא,קברנה סוביניון
28,נקבה,צפון,מרכז,נמוך,נשוי,דתי,1,2,ללא,8,לא,לא,לא,אקדמאי,כן,בי,לא,קאווה
36,נקבה,צפון,צפון,גבוה,גרוש,חילוני,0,6,ללא,6,כן,לא,לא,12 שנות לימוד,כן,סטרייט,לא,קברנה סוביניון
40,נקבה,דרום,דרום,נמוך,נשוי,דתי,4,2,ללא,9,לא,לא,לא,אקדמאי,כן,סטרייט,לא,גוורץ
33,נקבה,דרום,צפון,גבוה,רווק,חילוני,0,4,ללא,9,כן,לא,לא,אקדמאי,כן,סטרייט,לא,קאווה
38,זכר,דרום,צפון,בינוני,נשוי,חילוני,0,4,ללא,7,לא,לא,לא,12 שנות לימוד,לא,בי,לא,ריוחה
23,זכר,יהודה ושומרון,דרום,גבוה,גרוש,חילוני,2,3,ללא,8,לא,כן,לא,12 שנות לימוד,כן,סטרייט,לא,קאווה
54,נקבה,צפון,צפון,גבוה,נשוי,חילוני,1,4,ללא,4,כן,לא,לא,12 שנות לימוד,כן,סטרייט,לא,שרדונה
40,זכר,מרכז,צפון,נמוך,גרוש,דתי,3,5,ללא,4,לא,לא,לא,אקדמאי,כן,סטרייט,לא,גוורץ
55,זכר,דרום,צפון,גבוה,גרוש,חילוני,2,6,ללא,1,כן,לא,לא,אקדמאי,לא,סטרייט,לא,שרדונה
45,זכר,יהודה ושומרון,יהודה ושומרון,בינוני,נשוי,חילוני,0,7,ללא,1,לא,לא,כן,12 שנות לימוד,כן,סטרייט,כן,קברנה סוביניון
42,נקבה,צפון,צפון,גבוה,גרוש,מסורתי,2,5,ללא,2,כן,כן,לא,אקדמאי,כן,גיי,לא,גוורץ
30,זכר,מרכז,דרום,נמוך,גרוש,דתי,4,4,צמחונית,7,לא,לא,לא,אקדמאי,כן,סטרייט,לא,קאווה
34,נקבה,מרכז,יהודה ושומרון,גבוה,רווק,חילוני,0,4,ללא גלוטן,9,לא,לא,לא,12 שנות לימוד,כן,בי,לא,קאווה
55,נקבה,מרכז,יהודה ושומרון,בינוני,גרוש,חילוני,3,6,ללא,3,לא,לא,לא,אקדמאי,לא,סטרייט,לא,שרדונה
39,זכר,מרכז,מרכז,גבוה,רווק,חילוני,0,4,ללא,3,כן,לא,לא,12 שנות לימוד,לא,סטרייט,כן,קברנה סוביניון
40,זכר,יהודה ושומרון,מרכז,גבוה,נשוי,חילוני,0,5,ללא,2,כן,לא,לא,אקדמאי,לא,סטרייט,לא,גוורץ
28,נקבה,מרכז,צפון,גבוה,רווק,מסורתי,0,2,ללא גלוטן,9,לא,כן,כן,אקדמאי,כן,סטרייט,לא,קאווה
32,נקבה,צפון,מרכז,גבוה,נשוי,חילוני,0,5,טבעונית,5,כן,לא,לא,אקדמאי,לא,סטרייט,לא,קאווה
37,נקבה,צפון,יהודה ושומרון,גבוה,נשוי,חילוני,1,5,ללא,4,לא,לא,לא,אקדמאי,כן,סטרייט,לא,גוורץ
40,נקבה,יהודה ושומרון,מרכז,בינוני,רווק,מסורתי,2,3,ללא,4,כן,לא,כן,12 שנות לימוד,כן,גיי,לא,גוורץ
33,זכר,צפון,דרום,גבוה,גרוש,מסורתי,1,3,ללא,9,כן,כן,לא,אקדמאי,כן,בי,כן,ריוחה
50,נקבה,מרכז,יהודה ושומרון,בינוני,נשוי,מסורתי,2,5,ללא,2,לא,לא,לא,אקדמאי,לא,סטרייט,לא,שרדונה
38,זכר,דרום,מרכז,נמוך,נשוי,חילוני,1,5,ללא,2,כן,לא,לא,אקדמאי,לא,גיי,לא,גוורץ
40,זכר,יהודה ושומרון,מרכז,גבוה,נשוי,חילוני,2,3,ללא גלוטן,4,לא,כן,לא,אקדמאי,לא,גיי,כן,גוורץ
36,נקבה,צפון,צפון,גבוה,רווק,חילוני,4,5,ללא,8,כן,כן,לא,12 שנות לימוד,כן,סטרייט,כן,קאווה
38,נקבה,מרכז,צפון,גבוה,רווק,חילוני,3,5,ללא,2,לא,לא,לא,12 שנות לימוד,כן,סטרייט,לא,גוורץ
37,זכר,צפון,מרכז,בינוני,נשוי,חילוני,0,5,ללא,4,לא,כן,לא,אקדמאי,כן,סטרייט,לא,גוורץ
34,זכר,יהודה ושומרון,יהודה ושומרון,נמוך,רווק,דתי,1,5,צמחונית,4,לא,לא,לא,אקדמאי,לא,סטרייט,לא,גוורץ
45,זכר,צפון,צפון,גבוה,נשוי,חילוני,2,5,ללא,5,לא,לא,לא,אקדמאי,כן,סטרייט,לא,קברנה סוביניון
33,נקבה,יהודה ושומרון,יהודה ושומרון,נמוך,נשוי,חילוני,1,3,ללא גלוטן,7,כן,לא,כן,אקדמאי,כן,סטרייט,כן,גוורץ
42,זכר,דרום,דרום,גבוה,גרוש,מסורתי,0,4,טבעונית,4,לא,לא,לא,12 שנות לימוד,לא,סטרייט,לא,קברנה סוביניון
34,נקבה,יהודה ושומרון,צפון,בינוני,נשוי,דתי,2,3,ללא גלוטן,7,לא,לא,לא,אקדמאי,כן,סטרייט,לא,ריוחה
27,זכר,מרכז,דרום,גבוה,רווק,חילוני,4,3,ללא גלוטן,9,כן,כן,לא,אקדמאי,לא,בי,כן,ריוחה
28,זכר,צפון,מרכז,גבוה,גרוש,מסורתי,1,4,צמחונית,8,כן,לא,לא,אקדמאי,כן,סטרייט,לא,ריוחה
39,נקבה,דרום,צפון,גבוה,גרוש,מסורתי,2,5,ללא,2,כן,לא,לא,אקדמאי,לא,סטרייט,לא,קברנה סוביניון
57,זכר,מרכז,יהודה ושומרון,בינוני,גרוש,מסורתי,3,6,ללא,3,כן,כן,לא,אקדמאי,לא,סטרייט,לא,שרדונה
29,זכר,מרכז,צפון,גבוה,נשוי,חילוני,0,6,צמחונית,3,לא,לא,כן,12 שנות לימוד,כן,סטרייט,לא,ריוחה
40,זכר,דרום,דרום,גבוה,גרוש,מסורתי,0,3,ללא,4,לא,לא,לא,12 שנות לימוד,לא,סטרייט,לא,קברנה סוביניון
24,נקבה,צפון,יהודה ושומרון,גבוה,רווק,מסורתי,1,6,ללא,9,לא,כן,לא,אקדמאי,לא,בי,לא,קאווה
27,נקבה,יהודה ושומרון,מרכז,נמוך,רווק,דתי,3,5,ללא גלוטן,7,לא,לא,לא,אקדמאי,כן,בי,לא,קאווה
42,זכר,מרכז,צפון,נמוך,גרוש,דתי,1,4,ללא,6,כן,לא,לא,אקדמאי,לא,גיי,לא,קברנה סוביניון
43,זכר,דרום,יהודה ושומרון,בינוני,גרוש,דתי,4,7,ללא,1,לא,לא,לא,אקדמאי,כן,סטרייט,לא,קברנה סוביניון
42,נקבה,יהודה ושומרון,צפון,גבוה,גרוש,מסורתי,1,5,צמחונית,3,לא,לא,לא,12 שנות לימוד,לא,סטרייט,לא,קברנה סוביניון
24,זכר,יהודה ושומרון,יהודה ושומרון,גבוה,רווק,חילוני,1,2,ללא,13,לא,כן,כן,12 שנות לימוד,כן,סטרייט,כן,קאווה
36,נקבה,יהודה ושומרון,דרום,גבוה,גרוש,חילוני,1,6,ללא,2,לא,כן,לא,אקדמאי,כן,בי,לא,גוורץ
52,זכר,מרכז,יהודה ושומרון,גבוה,גרוש,חילוני,0,5,טבעונית,1,כן,לא,לא,אקדמאי,כן,סטרייט,לא,שרדונה
38,נקבה,צפון,צפון,גבוה,גרוש,מסורתי,1,5,צמחונית,3,לא,לא,לא,אקדמאי,לא,בי,לא,גוורץ
31,נקבה,דרום,צפון,נמוך,גרוש,דתי,3,4,ללא,6,כן,לא,לא,אקדמאי,כן,סטרייט,לא,ריוחה
44,זכר,דרום,יהודה ושומרון,נמוך,נשוי,מסורתי,4,6,ללא גלוטן,2,לא,לא,לא,12 שנות לימוד,לא,סטרייט,לא,קברנה סוביניון
34,זכר,דרום,דרום,גבוה,נשוי,חילוני,1,5,צמחונית,3,לא,כן,לא,אקדמאי,כן,גיי,לא,גוורץ
48,זכר,מרכז,צפון,גבוה,גרוש,חילוני,2,2,ללא,6,כן,לא,לא,12 שנות לימוד,כן,סטרייט,לא,קברנה סוביניון
30,נקבה,דרום,מרכז,גבוה,רווק,חילוני,1,2,ללא,9,כן,לא,כן,אקדמאי,כן,סטרייט,לא,קאווה
51,זכר,צפון,יהודה ושומרון,נמוך,נשוי,דתי,2,4,ללא,4,כן,לא,לא,אקדמאי,לא,סטרייט,לא,שרדונה
53,זכר,מרכז,צפון,נמוך,רווק,חילוני,1,5,ללא,3,לא,לא,לא,אקדמאי,כן,סטרייט,לא,שרדונה
29,נקבה,צפון,צפון,גבוה,רווק,מסורתי,3,5,צמחונית,6,לא,לא,לא,אקדמאי,לא,בי,לא,ריוחה
38,נקבה,צפון,דרום,בינוני,גרוש,מסורתי,1,3,ללא,7,כן,כן,לא,12 שנות לימוד,כן,סטרייט,לא,ריוחה
34,נקבה,מרכז,צפון,גבוה,נשוי,חילוני,3,3,צמחונית,7,לא,לא,לא,12 שנות לימוד,כן,סטרייט,כן,ריוחה
30,נקבה,יהודה ושומרון,דרום,נמוך,נשוי,דתי,4,7,טבעונית,4,כן,לא,לא,12 שנות לימוד,כן,בי,לא,ריוחה
52,נקבה,דרום,יהודה ושומרון,גבוה,נשוי,חילוני,0,5,צמחונית,2,לא,לא,לא,אקדמאי,לא,סטרייט,לא,שרדונה
46,נקבה,צפון,מרכז,גבוה,גרוש,מסורתי,0,5,צמחונית,2,לא,לא,לא,12 שנות לימוד,לא,סטרייט,לא,שרדונה
28,נקבה,צפון,דרום,בינוני,רווק,מסורתי,2,2,ללא,8,כן,לא,לא,אקדמאי,כן,סטרייט,לא,קאווה
47,זכר,מרכז,יהודה ושומרון,נמוך,רווק,דתי,0,4,צמחונית,3,לא,לא,לא,אקדמאי,לא,סטרייט,לא,קברנה סוביניון
28,נקבה,יהודה ושומרון,מרכז,בינוני,רווק,מסורתי,2,6,ללא,8,כן,לא,לא,אקדמאי,לא,סטרייט,לא,ריוחה
35,נקבה,דרום,יהודה ושומרון,גבוה,גרוש,חילוני,2,3,ללא,6,כן,לא,לא,12 שנות לימוד,לא,סטרייט,לא,גוורץ
35,זכר,מרכז,דרום,גבוה,נשוי,חילוני,1,4,ללא,6,כן,כן,כן,12 שנות לימוד,לא,גיי,לא,ריוחה
30,נקבה,צפון,צפון,נמוך,רווק,דתי,3,4,ללא,7,לא,לא,לא,אקדמאי,כן,סטרייט,לא,קאווה
42,זכר,דרום,צפון,גבוה,גרוש,מסורתי,2,4,ללא,3,כן,לא,לא,12 שנות לימוד,כן,סטרייט,לא,קברנה סוביניון
42,זכר,דרום,צפון,בינוני,רווק,מסורתי,3,5,ללא,4,כן,לא,לא,12 שנות לימוד,לא,סטרייט,לא,קברנה סוביניון
27,זכר,מרכז,דרום,גבוה,נשוי,חילוני,3,6,ללא,3,כן,כן,לא,אקדמאי,כן,סטרייט,כן,ריוחה
39,זכר,יהודה ושומרון,דרום,גבוה,רווק,חילוני,0,4,צמחונית,6,לא,כן,לא,אקדמאי,כן,סטרייט,לא,גוורץ
33,נקבה,מרכז,יהודה ושומרון,גבוה,גרוש,מסורתי,0,3,ללא,5,כן,לא,לא,אקדמאי,כן,סטרייט,לא,ריוחה
54,נקבה,מרכז,מרכז,גבוה,נשוי,חילוני,1,6,ללא,1,לא,לא,לא,12 שנות לימוד,כן,סטרייט,כן,שרדונה
25,נקבה,יהודה ושומרון,דרום,נמוך,נשוי,מסורתי,1,3,טבעונית,8,לא,לא,כן,אקדמאי,כן,סטרייט,לא,קאווה
54,זכר,מרכז,דרום,גבוה,נשוי,מסורתי,0,5,ללא,4,כן,לא,לא,12 שנות לימוד,לא,בי,לא,שרדונה
41,זכר,צפון,מרכז,גבוה,גרוש,דתי,3,5,ללא,4,לא,לא,כן,אקדמאי,לא,סטרייט,לא,קברנה סוביניון
42,נקבה,מרכז,מרכז,גבוה,נשוי,חילוני,1,5,ללא,4,לא,לא,לא,12 שנות לימוד,כן,סטרייט,לא,קברנה סוביניון
33,נקבה,יהודה ושומרון,צפון,גבוה,גרוש,חילוני,1,4,ללא גלוטן,4,לא,לא,לא,12 שנות לימוד,כן,סטרייט,לא,גוורץ
26,נקבה,דרום,צפון,גבוה,רווק,מסורתי,4,3,ללא,7,לא,לא,לא,אקדמאי,כן,בי,לא,ריוחה
40,זכר,צפון,יהודה ושומרון,בינוני,רווק,מסורתי,0,4,ללא,4,כן,לא,לא,12 שנות לימוד,כן,סטרייט,לא,קברנה סוביניון
35,נקבה,דרום,מרכז,גבוה,נשוי,חילוני,2,7,צמחונית,3,לא,לא,לא,12 שנות לימוד,לא,סטרייט,לא,גוורץ
56,נקבה,מרכז,דרום,גבוה,נשוי,חילוני,0,6,ללא,2,כן,לא,לא,אקדמאי,כן,סטרייט,לא,שרדונה
38,נקבה,יהודה ושומרון,צפון,נמוך,רווק,דתי,3,5,ללא,5,לא,לא,כן,אקדמאי,כן,סטרייט,לא,ריוחה
49,נקבה,דרום,מרכז,בינוני,גרוש,מסורתי,2,5,ללא,2,לא,לא,לא,12 שנות לימוד,לא,סטרייט,לא,שרדונה
51,זכר,מרכז,יהודה ושומרון,נמוך,גרוש,דתי,2,6,ללא,2,לא,לא,לא,אקדמאי,לא,סטרייט,לא,שרדונה
27,נקבה,דרום,צפון,גבוה,גרוש,חילוני,2,4,ללא,7,לא,לא,כן,אקדמאי,כן,סטרייט,כן,קאווה
43,נקבה,מרכז,מרכז,גבוה,גרוש,חילוני,1,5,טבעונית,5,כן,לא,כן,12 שנות לימוד,לא,סטרייט,כן,קברנה סוביניון
40,נקבה,צפון,צפון,גבוה,רווק,מסורתי,2,4,ללא,3,לא,לא,לא,אקדמאי,לא,גיי,לא,קברנה סוביניון
50,זכר,צפון,יהודה ושומרון,גבוה,נשוי,חילוני,1,6,טבעונית,1,כן,לא,לא,אקדמאי,לא,סטרייט,לא,שרדונה
36,נקבה,דרום,מרכז,גבוה,רווק,חילוני,0,3,ללא,7,לא,לא,לא,12 שנות לימוד,לא,סטרייט,לא,קאווה
48,נקבה,דרום,יהודה ושומרון,גבוה,נשוי,מסורתי,3,4,ללא,3,לא,לא,לא,אקדמאי,לא,סטרייט,לא,שרדונה
23,נקבה,דרום,יהודה ושומרון,גבוה,גרוש,חילוני,2,5,ללא גלוטן,6,לא,כן,לא,אקדמאי,כן,בי,לא,קאווה
41,נקבה,יהודה ושומרון,צפון,בינוני,גרוש,חילוני,1,5,צמחונית,3,לא,לא,לא,אקדמאי,כן,סטרייט,לא,גוורץ
42,זכר,צפון,דרום,נמוך,גרוש,דתי,5,5,ללא,2,כן,לא,לא,12 שנות לימוד,כן,סטרייט,לא,קברנה סוביניון
30,נקבה,מרכז,צפון,נמוך,רווק,דתי,2,3,ללא,8,כן,כן,לא,12 שנות לימוד,כן,גיי,לא,קאווה
29,זכר,צפון,דרום,גבוה,נשוי,מסורתי,1,6,ללא,5,לא,לא,כן,12 שנות לימוד,כן,גיי,כן,ריוחה
36,זכר,יהודה ושומרון,יהודה ושומרון,בינוני,רווק,מסורתי,0,5,ללא גלוטן,6,לא,לא,כן,אקדמאי,לא,גיי,לא,גוורץ
29,זכר,דרום,מרכז,גבוה,רווק,חילוני,2,6,ללא,4,לא,לא,לא,אקדמאי,לא,בי,לא,גוורץ
54,נקבה,דרום,צפון,גבוה,נשוי,מסורתי,1,6,צמחונית,1,לא,לא,לא,12 שנות לימוד,לא,סטרייט,לא,שרדונה
40,נקבה,צפון,מרכז,גבוה,נשוי,חילוני,0,4,ללא,5,כן,לא,לא,אקדמאי,כן,סטרייט,לא,גוורץ
35,נקבה,צפון,מרכז,בינוני,נשוי,מסורתי,1,2,ללא,7,לא,לא,לא,12 שנות לימוד,כן,בי,לא,ריוחה
34,נקבה,מרכז,מרכז,גבוה,נשוי,מסורתי,2,5,ללא,6,כן,לא,לא,אקדמאי,לא,סטרייט,לא,גוורץ
32,זכר,צפון,דרום,נמוך,רווק,דתי,0,4,צמחונית,6,כן,לא,לא,12 שנות לימוד,כן,גיי,לא,ריוחה
35,זכר,צפון,דרום,גבוה,נשוי,חילוני,0,6,ללא,2,לא,לא,לא,אקדמאי,כן,גיי,כן,גוורץ
34,זכר,צפון,יהודה ושומרון,גבוה,גרוש,מסורתי,1,4,ללא גלוטן,5,לא,כן,לא,אקדמאי,לא,סטרייט,לא,ריוחה
27,נקבה,יהודה ושומרון,מרכז,גבוה,נשוי,חילוני,0,3,ללא,9,כן,כן,לא,12 שנות לימוד,לא,בי,לא,קאווה
35,נקבה,צפון,יהודה ושומרון,נמוך,נשוי,דתי,4,4,ללא,3,לא,לא,לא,אקדמאי,כן,סטרייט,לא,גוורץ
32,זכר,צפון,מרכז,גבוה,רווק,חילוני,3,1,צמחונית,11,לא,לא,כן,אקדמאי,כן,סטרייט,כן,קאווה
52,זכר,יהודה ושומרון,יהודה ושומרון,גבוה,נשוי,חילוני,2,6,ללא,1,לא,לא,לא,12 שנות לימוד,לא,סטרייט,לא,שרדונה
31,נקבה,יהודה ושומרון,צפון,גבוה,רווק,מסורתי,0,5,ללא,4,לא,לא,לא,12 שנות לימוד,כן,סטרייט,לא,גוורץ
32,נקבה,צפון,צפון,בינוני,גרוש,מסורתי,3,2,ללא גלוטן,10,לא,לא,לא,אקדמאי,לא,בי,לא,קאווה
26,נקבה,מרכז,דרום,גבוה,רווק,חילוני,1,6,ללא גלוטן,6,לא,כן,לא,אקדמאי,לא,סטרייט,כן,קאווה
40,זכר,יהודה ושומרון,מרכז,גבוה,גרוש,מסורתי,1,2,ללא,7,כן,לא,לא,12 שנות לימוד,לא,סטרייט,לא,קברנה סוביניון
50,נקבה,צפון,צפון,גבוה,נשוי,מסורתי,0,5,ללא,6,לא,לא,לא,אקדמאי,לא,סטרייט,לא,שרדונה
37,זכר,מרכז,צפון,גבוה,נשוי,חילוני,1,5,ללא,4,כן,כן,לא,אקדמאי,כן,סטרייט,לא,גוורץ
33,נקבה,מרכז,מרכז,נמוך,גרוש,דתי,3,5,צמחונית,5,לא,כן,לא,12 שנות לימוד,כן,סטרייט,לא,ריוחה
28,נקבה,יהודה ושומרון,צפון,גבוה,נשוי,מסורתי,1,5,ללא,8,לא,לא,לא,12 שנות לימוד,לא,בי,לא,קאווה
54,נקבה,יהודה ושומרון,דרום,בינוני,רווק,חילוני,0,5,ללא,2,לא,לא,לא,12 שנות לימוד,לא,סטרייט,לא,שרדונה
30,זכר,מרכז,מרכז,גבוה,גרוש,חילוני,1,3,ללא,6,לא,לא,לא,אקדמאי,כן,בי,לא,ריוחה
56,נקבה,צפון,דרום,בינוני,גרוש,דתי,4,5,ללא,1,לא,לא,לא,12 שנות לימוד,כן,סטרייט,לא,שרדונה
30,זכר,דרום,מרכז,גבוה,רווק,חילוני,2,5,ללא,6,לא,כן,לא,12 שנות לימוד,כן,גיי,כן,ריוחה
24,זכר,מרכז,מרכז,גבוה,רווק,חילוני,0,3,צמחונית,9,לא,כן,לא,אקדמאי,כן,בי,כן,קאווה
39,נקבה,יהודה ושומרון,דרום,גבוה,רווק,חילוני,3,3,צמחונית,6,לא,כן,לא,12 שנות לימוד,לא,בי,כן,גוורץ
50,זכר,מרכז,צפון,נמוך,גרוש,דתי,1,4,ללא,3,כן,לא,כן,12 שנות לימוד,כן,סטרייט,לא,שרדונה
52,נקבה,צפון,צפון,נמוך,גרוש,דתי,0,7,ללא,1,לא,לא,לא,12 שנות לימוד,כן,סטרייט,לא,שרדונה
28,נקבה,צפון,דרום,בינוני,רווק,חילוני,1,4,ללא,8,כן,לא,לא,אקדמאי,לא,בי,לא,ריוחה
31,נקבה,מרכז,צפון,בינוני,גרוש,דתי,5,5,טבעונית,6,לא,לא,לא,12 שנות לימוד,כן,בי,לא,ריוחה
51,נקבה,יהודה ושומרון,צפון,גבוה,רווק,חילוני,2,6,ללא,3,כן,לא,לא,אקדמאי,לא,סטרייט,לא,שרדונה
31,זכר,צפון,דרום,בינוני,נשוי,חילוני,1,2,ללא,9,לא,לא,כן,אקדמאי,לא,גיי,לא,קאווה
33,זכר,דרום,צפון,גבוה,רווק,מסורתי,0,1,צמחונית,8,לא,לא,לא,אקדמאי,לא,בי,לא,קאווה
52,זכר,יהודה ושומרון,דרום,נמוך,נשוי,חילוני,1,6,ללא גלוטן,1,כן,לא,לא,12 שנות לימוד,כן,סטרייט,לא,שרדונה
34,זכר,דרום,דרום,גבוה,רווק,מסורתי,2,7,ללא,5,לא,לא,לא,אקדמאי,כן,סטרייט,לא,גוורץ
38,נקבה,צפון,מרכז,בינוני,נשוי,חילוני,2,6,ללא גלוטן,4,לא,כן,לא,אקדמאי,כן,סטרייט,לא,גוורץ
26,נקבה,מרכז,מרכז,גבוה,נשוי,חילוני,1,5,ללא,9,לא,לא,כן,12 שנות לימוד,כן,סטרייט,לא,קאווה
53,זכר,דרום,צפון,גבוה,גרוש,חילוני,0,2,צמחונית,5,לא,לא,לא,12 שנות לימוד,לא,סטרייט,לא,שרדונה
27,זכר,דרום,צפון,גבוה,רווק,מסורתי,3,6,ללא,7,לא,לא,לא,אקדמאי,כן,סטרייט,לא,קאווה
29,זכר,מרכז,יהודה ושומרון,בינוני,רווק,מסורתי,2,4,ללא,8,לא,לא,לא,12 שנות לימוד,כן,סטרייט,לא,ריוחה
35,זכר,מרכז,צפון,נמוך,רווק,דתי,5,6,ללא,2,לא,לא,כן,אקדמאי,כן,סטרייט,לא,גוורץ
40,נקבה,יהודה ושומרון,דרום,נמוך,נשוי,דתי,1,4,ללא,4,כן,לא,לא,12 שנות לימוד,כן,גיי,לא,גוורץ
36,זכר,מרכז,צפון,גבוה,נשוי,מסורתי,4,5,ללא,4,לא,כן,לא,אקדמאי,לא,גיי,כן,גוורץ
29,זכר,מרכז,דרום,גבוה,גרוש,מסורתי,1,2,ללא,7,לא,לא,לא,12 שנות לימוד,לא,בי,לא,ריוחה
42,נקבה,דרום,מרכז,נמוך,רווק,מסורתי,1,4,ללא גלוטן,5,לא,לא,לא,אקדמאי,כן,בי,לא,גוורץ
32,נקבה,מרכז,יהודה ושומרון,נמוך,גרוש,דתי,0,7,צמחונית,3,כן,כן,כן,12 שנות לימוד,כן,סטרייט,לא,ריוחה
35,זכר,מרכז,צפון,בינוני,נשוי,חילוני,2,4,ללא,4,כן,לא,לא,אקדמאי,לא,בי,לא,גוורץ
29,נקבה,יהודה ושומרון,דרום,גבוה,נשוי,מסורתי,4,5,ללא,7,לא,כן,לא,12 שנות לימוד,כן,סטרייט,לא,ריוחה
39,זכר,יהודה ושומרון,צפון,גבוה,רווק,מסורתי,4,3,ללא,8,לא,כן,לא,12 שנות לימוד,כן,סטרייט,לא,ריוחה
39,נקבה,מרכז,מרכז,נמוך,רווק,דתי,0,3,ללא,7,לא,לא,לא,12 שנות לימוד,כן,סטרייט,לא,קברנה סוביניון
50,נקבה,יהודה ושומרון,יהודה ושומרון,נמוך,גרוש,חילוני,0,5,טבעונית,1,לא,לא,לא,אקדמאי,לא,סטרייט,לא,שרדונה
36,זכר,צפון,צפון,בינוני,רווק,דתי,1,4,ללא,4,כן,לא,כן,12 שנות לימוד,כן,סטרייט,לא,קברנה סוביניון
28,זכר,מרכז,צפון,גבוה,רווק,מסורתי,3,7,ללא,5,לא,לא,כן,אקדמאי,כן,גיי,לא,ריוחה
40,זכר,דרום,יהודה ושומרון,גבוה,נשוי,חילוני,2,6,ללא,2,כן,לא,לא,12 שנות לימוד,לא,סטרייט,לא,קברנה סוביניון
34,זכר,יהודה ושומרון,מרכז,גבוה,גרוש,חילוני,1,4,ללא,8,כן,לא,לא,אקדמאי,לא,סטרייט,לא,ריוחה
45,זכר,מרכז,צפון,גבוה,גרוש,מסורתי,0,5,ללא,3,לא,לא,כן,12 שנות לימוד,כן,סטרייט,לא,קברנה סוביניון
29,זכר,דרום,יהודה ושומרון,בינוני,נשוי,מסורתי,3,4,ללא,7,לא,לא,לא,אקדמאי,כן,סטרייט,לא,ריוחה
33,נקבה,יהודה ושומרון,דרום,גבוה,נשוי,מסורתי,0,5,ללא,4,לא,כן,כן,אקדמאי,לא,סטרייט,כן,גוורץ
40,נקבה,דרום,מרכז,נמוך,רווק,חילוני,1,3,ללא,5,כן,לא,לא,12 שנות לימוד,לא,סטרייט,כן,גוורץ
36,זכר,דרום,יהודה ושומרון,גבוה,רווק,חילוני,1,4,ללא,4,כן,לא,לא,12 שנות לימוד,לא,סטרייט,לא,גוורץ
40,זכר,יהודה ושומרון,צפון,נמוך,גרוש,דתי,0,7,ללא,4,כן,לא,לא,אקדמאי,לא,בי,לא,קברנה סוביניון
26,זכר,צפון,יהודה ושומרון,נמוך,נשוי,דתי,4,5,ללא גלוטן,6,לא,לא,לא,12 שנות לימוד,כן,סטרייט,לא,ריוחה
50,נקבה,צפון,מרכז,בינוני,נשוי,מסורתי,4,7,ללא,2,לא,לא,לא,אקדמאי,לא,סטרייט,לא,שרדונה
34,זכר,צפון,דרום,גבוה,נשוי,חילוני,0,4,ללא,5,לא,כן,לא,12 שנות לימוד,לא,סטרייט,לא,ריוחה
37,זכר,יהודה ושומרון,מרכז,גבוה,נשוי,חילוני,0,2,צמחונית,5,לא,לא,לא,12 שנות לימוד,לא,סטרייט,לא,גוורץ
28,נקבה,דרום,מרכז,בינוני,נשוי,חילוני,0,2,ללא,9,לא,כן,לא,אקדמאי,לא,סטרייט,כן,קאווה
32,זכר,מרכז,צפון,גבוה,גרוש,מסורתי,0,5,ללא,6,כן,לא,לא,12 שנות לימוד,כן,גיי,לא,ריוחה
40,זכר,דרום,מרכז,גבוה,נשוי,חילוני,3,4,ללא,4,לא,לא,לא,12 שנות לימוד,לא,סטרייט,לא,גוורץ
55,נקבה,דרום,צפון,גבוה,נשוי,חילוני,1,4,ללא,1,לא,לא,לא,12 שנות לימוד,כן,סטרייט,לא,שרדונה
27,נקבה,מרכז,מרכז,גבוה,גרוש,חילוני,2,6,ללא,5,לא,לא,כן,אקדמאי,כן,סטרייט,לא,קאווה
29,נקבה,דרום,צפון,בינוני,נשוי,מסורתי,3,4,ללא,6,לא,לא,כן,12 שנות לימוד,לא,גיי,לא,קאווה
37,נקבה,יהודה ושומרון,יהודה ושומרון,גבוה,גרוש,חילוני,0,5,ללא,4,לא,לא,לא,אקדמאי,כן,בי,לא,גוורץ
50,זכר,צפון,מרכז,נמוך,נשוי,דתי,3,5,ללא,2,לא,לא,לא,12 שנות לימוד,כן,סטרייט,לא,שרדונה
38,נקבה,דרום,מרכז,גבוה,נשוי,מסורתי,6,5,ללא,2,לא,כן,כן,12 שנות לימוד,לא,סטרייט,כן,קברנה סוביניון
31,זכר,דרום,דרום,גבוה,גרוש,מסורתי,2,4,ללא,5,לא,לא,לא,12 שנות לימוד,לא,סטרייט,כן,ריוחה
38,זכר,מרכז,דרום,נמוך,נשוי,דתי,0,3,ללא,5,כן,לא,לא,אקדמאי,לא,סטרייט,לא,גוורץ
30,זכר,יהודה ושומרון,יהודה ושומרון,נמוך,רווק,דתי,5,4,ללא,10,כן,לא,לא,12 שנות לימוד,כן,סטרייט,לא,ריוחה
30,זכר,יהודה ושומרון,צפון,גבוה,גרוש,חילוני,0,3,ללא,6,כן,לא,לא,12 שנות לימוד,כן,בי,לא,ריוחה
35,נקבה,דרום,מרכז,גבוה,נשוי,חילוני,1,5,ללא,4,לא,לא,לא,12 שנות לימוד,לא,גיי,לא,גוורץ
37,זכר,יהודה ושומרון,יהודה ושומרון,גבוה,גרוש,חילוני,2,7,ללא,2,לא,כן,כן,12 שנות לימוד,כן,סטרייט,לא,קברנה סוביניון
30,נקבה,דרום,דרום,גבוה,רווק,מסורתי,2,2,ללא,8,כן,לא,לא,אקדמאי,כן,סטרייט,לא,ריוחה
29,נקבה,דרום,דרום,גבוה,רווק,מסורתי,1,2,ללא,7,לא,כן,לא,אקדמאי,לא,סטרייט,לא,קאווה
35,זכר,צפון,יהודה ושומרון,גבוה,רווק,חילוני,0,3,ללא,8,כן,לא,לא,אקדמאי,לא,גיי,לא,קאווה
44,זכר,יהודה ושומרון,יהודה ושומרון,נמוך,גרוש,דתי,3,6,ללא,2,לא,לא,לא,אקדמאי,כן,סטרייט,לא,קברנה סוביניון
39,נקבה,מרכז,מרכז,גבוה,גרוש,חילוני,4,4,ללא,4,כן,לא,לא,אקדמאי,לא,סטרייט,כן,קברנה סוביניון
50,זכר,צפון,דרום,גבוה,גרוש,מסורתי,1,7,ללא,1,לא,לא,כן,12 שנות לימוד,לא,סטרייט,לא,שרדונה
38,זכר,יהודה ושומרון,מרכז,נמוך,גרוש,דתי,6,5,ללא,2,כן,לא,לא,אקדמאי,כן,סטרייט,לא,קברנה סוביניון
45,נקבה,דרום,צפון,נמוך,נשוי,דתי,3,5,ללא,3,לא,לא,לא,אקדמאי,לא,סטרייט,לא,קברנה סוביניון
39,נקבה,מרכז,דרום,בינוני,גרוש,מסורתי,2,5,ללא,6,לא,לא,לא,אקדמאי,כן,סטרייט,לא,גוורץ
54,נקבה,יהודה ושומרון,יהודה ושומרון,גבוה,נשוי,חילוני,1,3,ללא,5,לא,לא,לא,אקדמאי,כן,סטרייט,לא,שרדונה
27,נקבה,דרום,צפון,נמוך,רווק,דתי,2,4,ללא,8,כן,לא,לא,אקדמאי,כן,סטרייט,לא,קאווה
24,זכר,צפון,דרום,גבוה,רווק,חילוני,2,3,ללא,10,לא,כן,לא,12 שנות לימוד,כן,בי,כן,קאווה
52,נקבה,דרום,צפון,בינוני,נשוי,מסורתי,2,6,ללא גלוטן,3,כן,לא,לא,12 שנות לימוד,לא,בי,לא,שרדונה
30,נקבה,דרום,דרום,נמוך,רווק,דתי,2,4,ללא,9,לא,לא,לא,12 שנות לימוד,כן,סטרייט,לא,קאווה
31,זכר,יהודה ושומרון,דרום,נמוך,גרוש,דתי,4,4,ללא גלוטן,7,לא,לא,לא,אקדמאי,כן,גיי,לא,ריוחה
30,נקבה,יהודה ושומרון,מרכז,בינוני,רווק,מסורתי,3,5,ללא,8,כן,כן,לא,אקדמאי,כן,גיי,לא,קאווה
30,נקבה,יהודה ושומרון,מרכז,גבוה,גרוש,חילוני,3,3,טבעונית,7,כן,כן,לא,12 שנות לימוד,כן,בי,כן,ריוחה
29,נקבה,מרכז,מרכז,גבוה,גרוש,חילוני,2,3,ללא,10,לא,כן,לא,12 שנות לימוד,כן,סטרייט,כן,קאווה
48,נקבה,דרום,צפון,נמוך,נשוי,דתי,2,5,טבעונית,4,כן,כן,לא,אקדמאי,לא,סטרייט,לא,קברנה סוביניון
43,נקבה,מרכז,דרום,בינוני,גרוש,מסורתי,3,3,טבעונית,5,לא,לא,לא,אקדמאי,לא,סטרייט,כן,קברנה סוביניון
30,נקבה,צפון,צפון,נמוך,גרוש,דתי,1,1,צמחונית,9,כן,לא,לא,אקדמאי,כן,גיי,לא,קאווה
35,זכר,דרום,צפון,נמוך,גרוש,דתי,2,2,ללא,7,לא,לא,לא,12 שנות לימוד,כן,סטרייט,לא,ריוחה
41,נקבה,דרום,מרכז,נמוך,נשוי,דתי,3,6,ללא,2,כן,לא,כן,אקדמאי,לא,סטרייט,לא,קברנה סוביניון
40,זכר,צפון,דרום,גבוה,נשוי,מסורתי,3,3,ללא,4,כן,לא,לא,אקדמאי,כן,גיי,לא,גוורץ
22,נקבה,מרכז,צפון,בינוני,רווק,מסורתי,3,2,ללא,9,כן,לא,לא,12 שנות לימוד,לא,גיי,כן,קאווה
40,זכר,דרום,דרום,גבוה,נשוי,מסורתי,2,4,צמחונית,4,כן,לא,לא,12 שנות לימוד,כן,סטרייט,לא,קברנה סוביניון
37,נקבה,צפון,יהודה ושומרון,גבוה,רווק,חילוני,2,6,ללא,2,לא,לא,כן,12 שנות לימוד,כן,סטרייט,לא,קברנה סוביניון
36,נקבה,צפון,יהודה ושומרון,נמוך,נשוי,דתי,0,4,צמחונית,5,לא,לא,לא,אקדמאי,כן,סטרייט,לא,קברנה סוביניון
39,נקבה,צפון,מרכז,גבוה,רווק,מסורתי,2,5,ללא,3,כן,לא,לא,אקדמאי,כן,סטרייט,לא,קברנה סוביניון
27,נקבה,יהודה ושומרון,דרום,נמוך,רווק,דתי,4,4,ללא גלוטן,6,כן,לא,לא,12 שנות לימוד,לא,גיי,לא,קאווה
20,זכר,יהודה ושומרון,דרום,נמוך,רווק,דתי,1,3,ללא גלוטן,10,לא,לא,כן,12 שנות לימוד,לא,סטרייט,לא,קאווה
54,זכר,מרכז,צפון,נמוך,נשוי,דתי,0,6,ללא,3,לא,לא,כן,12 שנות לימוד,לא,סטרייט,לא,שרדונה
53,נקבה,צפון,דרום,גבוה,נשוי,חילוני,1,5,צמחונית,1,לא,לא,לא,12 שנות לימוד,לא,סטרייט,לא,שרדונה
43,זכר,צפון,צפון,גבוה,גרוש,מסורתי,1,7,ללא,1,לא,לא,לא,אקדמאי,כן,סטרייט,לא,קברנה סוביניון
51,זכר,צפון,דרום,בינוני,נשוי,מסורתי,0,7,ללא,1,כן,לא,לא,12 שנות לימוד,לא,סטרייט,לא,שרדונה
39,נקבה,יהודה ושומרון,צפון,נמוך,רווק,מסורתי,4,4,ללא,8,כן,לא,לא,אקדמאי,לא,סטרייט,לא,גוורץ
35,נקבה,יהודה ושומרון,מרכז,גבוה,רווק,חילוני,1,5,ללא גלוטן,4,לא,כן,כן,אקדמאי,כן,סטרייט,כן,גוורץ
37,נקבה,צפון,יהודה ושומרון,נמוך,גרוש,דתי,2,4,ללא,4,לא,כן,לא,אקדמאי,לא,סטרייט,לא,גוורץ
47,נקבה,צפון,צפון,בינוני,גרוש,מסורתי,0,6,ללא גלוטן,1,לא,לא,לא,אקדמאי,לא,סטרייט,לא,שרדונה
37,נקבה,מרכז,מרכז,גבוה,נשוי,מסורתי,0,4,צמחונית,5,כן,לא,לא,אקדמאי,כן,גיי,לא,גוורץ
49,נקבה,דרום,דרום,נמוך,גרוש,דתי,4,6,ללא,1,לא,לא,לא,12 שנות לימוד,כן,סטרייט,לא,שרדונה
40,נקבה,יהודה ושומרון,מרכז,גבוה,רווק,חילוני,1,3,צמחונית,6,לא,כן,לא,אקדמאי,לא,סטרייט,לא,גוורץ
30,נקבה,יהודה ושומרון,יהודה ושומרון,גבוה,נשוי,מסורתי,1,5,ללא,6,לא,כן,לא,12 שנות לימוד,כן,סטרייט,לא,קאווה
29,נקבה,צפון,מרכז,גבוה,רווק,מסורתי,3,2,ללא,7,לא,לא,כן,אקדמאי,כן,סטרייט,לא,קאווה
35,נקבה,צפון,מרכז,נמוך,גרוש,דתי,3,5,צמחונית,4,כן,לא,לא,אקדמאי,לא,סטרייט,לא,גוורץ
53,נקבה,צפון,צפון,נמוך,גרוש,דתי,1,4,ללא,2,לא,לא,לא,12 שנות לימוד,כן,סטרייט,לא,שרדונה
52,נקבה,יהודה ושומרון,צפון,נמוך,גרוש,דתי,0,6,ללא גלוטן,1,לא,לא,לא,12 שנות לימוד,לא,סטרייט,לא,שרדונה
39,נקבה,צפון,מרכז,גבוה,גרוש,מסורתי,2,4,ללא,4,לא,לא,לא,12 שנות לימוד,כן,סטרייט,לא,קברנה סוביניון
29,זכר,יהודה ושומרון,מרכז,נמוך,נשוי,דתי,1,3,צמחונית,8,כן,לא,לא,אקדמאי,לא,בי,לא,ריוחה
34,נקבה,דרום,צפון,גבוה,גרוש,חילוני,0,5,ללא,4,לא,כן,לא,אקדמאי,כן,סטרייט,לא,גוורץ
25,נקבה,צפון,צפון,גבוה,גרוש,מסורתי,2,2,ללא,9,לא,לא,כן,12 שנות לימוד,לא,סטרייט,לא,קאווה
43,נקבה,יהודה ושומרון,צפון,גבוה,רווק,מסורתי,5,4,ללא גלוטן,4,לא,לא,כן,אקדמאי,לא,גיי,כן,גוורץ
21,נקבה,דרום,דרום,גבוה,רווק,חילוני,3,1,צמחונית,11,כן,לא,לא,אקדמאי,כן,סטרייט,לא,קאווה
48,נקבה,צפון,יהודה ושומרון,גבוה,רווק,חילוני,2,5,ללא,5,כן,לא,לא,12 שנות לימוד,כן,סטרייט,לא,קברנה סוביניון
29,זכר,מרכז,יהודה ושומרון,גבוה,נשוי,מסורתי,2,4,צמחונית,4,כן,לא,לא,אקדמאי,כן,סטרייט,לא,ריוחה
27,נקבה,צפון,דרום,גבוה,רווק,מסורתי,3,4,צמחונית,7,לא,לא,כן,אקדמאי,כן,סטרייט,לא,קאווה
38,זכר,מרכז,צפון,גבוה,רווק,מסורתי,1,6,ללא גלוטן,4,כן,לא,כן,12 שנות לימוד,כן,סטרייט,לא,קברנה סוביניון
40,נקבה,צפון,צפון,גבוה,רווק,מסורתי,2,5,ללא,5,כן,לא,לא,אקדמאי,כן,סטרייט,לא,גוורץ
30,זכר,מרכז,צפון,גבוה,רווק,חילוני,2,2,ללא גלוטן,7,כן,לא,לא,אקדמאי,כן,גיי,לא,ריוחה
41,נקבה,צפון,מרכז,נמוך,גרוש,דתי,0,3,ללא,6,כן,לא,כן,12 שנות לימוד,כן,סטרייט,לא,קברנה סוביניון
51,נקבה,מרכז,יהודה ושומרון,גבוה,גרוש,חילוני,0,7,ללא,3,לא,לא,לא,אקדמאי,כן,סטרייט,לא,שרדונה
39,זכר,דרום,יהודה ושומרון,גבוה,נשוי,מסורתי,0,6,ללא,3,לא,לא,לא,12 שנות לימוד,כן,סטרייט,לא,קברנה סוביניון
40,נקבה,צפון,יהודה ושומרון,גבוה,רווק,חילוני,1,6,ללא גלוטן,3,לא,לא,לא,אקדמאי,כן,סטרייט,לא,גוורץ
28,נקבה,מרכז,דרום,גבוה,רווק,חילוני,1,2,ללא,10,לא,כן,לא,אקדמאי,כן,סטרייט,לא,קאווה
26,נקבה,מרכז,יהודה ושומרון,בינוני,רווק,חילוני,3,3,ללא,9,כן,כן,לא,12 שנות לימוד,לא,סטרייט,לא,קאווה
25,זכר,דרום,יהודה ושומרון,נמוך,נשוי,חילוני,0,4,ללא,11,כן,לא,לא,12 שנות לימוד,כן,סטרייט,כן,קאווה
27,נקבה,דרום,צפון,גבוה,רווק,חילוני,2,5,ללא גלוטן,7,לא,כן,כן,אקדמאי,כן,סטרייט,כן,קאווה
41,זכר,דרום,צפון,גבוה,רווק,מסורתי,5,5,ללא,2,כן,לא,לא,אקדמאי,לא,סטרייט,לא,קברנה סוביניון
50,נקבה,דרום,דרום,בינוני,נשוי,מסורתי,3,7,ללא,2,לא,לא,לא,אקדמאי,לא,סטרייט,לא,שרדונה
35,נקבה,דרום,דרום,נמוך,רווק,דתי,3,3,טבעונית,8,כן,לא,לא,אקדמאי,כן,בי,לא,ריוחה
54,נקבה,מרכז,דרום,גבוה,נשוי,מסורתי,3,4,ללא,4,כן,לא,לא,אקדמאי,לא,סטרייט,לא,שרדונה
35,נקבה,יהודה ושומרון,מרכז,גבוה,גרוש,חילוני,1,5,ללא,5,לא,כן,לא,אקדמאי,כן,גיי,כן,גוורץ
52,זכר,צפון,יהודה ושומרון,בינוני,רווק,חילוני,0,6,ללא,1,כן,לא,לא,12 שנות לימוד,לא,סטרייט,לא,שרדונה
45,זכר,יהודה ושומרון,מרכז,גבוה,רווק,דתי,3,4,ללא,3,לא,לא,לא,אקדמאי,כן,סטרייט,לא,קברנה סוביניון
47,נקבה,יהודה ושומרון,יהודה ושומרון,גבוה,גרוש,מסורתי,0,5,ללא,4,כן,לא,לא,אקדמאי,כן,סטרייט,לא,שרדונה
29,נקבה,מרכז,יהודה ושומרון,גבוה,נשוי,חילוני,1,3,ללא,8,לא,כן,לא,12 שנות לימוד,כן,בי,כן,ריוחה
32,נקבה,דרום,דרום,גבוה,נשוי,חילוני,3,3,צמחונית,8,לא,לא,לא,12 שנות לימוד,כן,סטרייט,לא,קאווה
48,נקבה,יהודה ושומרון,דרום,בינוני,רווק,חילוני,2,7,ללא,2,לא,לא,לא,12 שנות לימוד,כן,סטרייט,לא,שרדונה
47,זכר,דרום,מרכז,נמוך,רווק,דתי,2,5,ללא,3,כן,לא,לא,אקדמאי,לא,סטרייט,לא,קברנה סוביניון
40,זכר,מרכז,מרכז,גבוה,רווק,מסורתי,0,4,ללא,4,לא,לא,כן,12 שנות לימוד,כן,סטרייט,לא,גוורץ
29,נקבה,צפון,צפון,גבוה,גרוש,מסורתי,3,6,ללא,5,לא,לא,לא,12 שנות לימוד,לא,בי,לא,ריוחה
29,נקבה,יהודה ושומרון,יהודה ושומרון,גבוה,רווק,חילוני,1,4,טבעונית,7,כן,כן,לא,אקדמאי,לא,סטרייט,לא,קאווה
33,נקבה,יהודה ושומרון,מרכז,נמוך,רווק,חילוני,1,6,ללא גלוטן,3,לא,לא,לא,אקדמאי,כן,סטרייט,כן,גוורץ
33,נקבה,צפון,מרכז,נמוך,נשוי,דתי,1,1,טבעונית,10,כן,כן,כן,אקדמאי,לא,בי,לא,קאווה
47,נקבה,מרכז,צפון,גבוה,גרוש,חילוני,3,5,ללא,2,כן,לא,לא,12 שנות לימוד,לא,גיי,לא,שרדונה
30,זכר,דרום,צפון,בינוני,נשוי,דתי,3,3,טבעונית,8,כן,לא,לא,אקדמאי,לא,בי,לא,ריוחה
32,נקבה,מרכז,מרכז,נמוך,רווק,דתי,5,5,טבעונית,6,לא,לא,לא,אקדמאי,כן,גיי,לא,ריוחה
35,זכר,מרכז,מרכז,גבוה,רווק,חילוני,0,6,ללא גלוטן,6,לא,כן,כן,אקדמאי,כן,בי,לא,גוורץ
53,נקבה,מרכז,יהודה ושומרון,נמוך,גרוש,דתי,5,7,ללא,1,כן,לא,לא,אקדמאי,כן,סטרייט,לא,שרדונה
41,נקבה,דרום,מרכז,בינוני,רווק,דתי,1,5,ללא,4,לא,כן,לא,אקדמאי,כן,סטרייט,לא,גוורץ
35,נקבה,מרכז,צפון,נמוך,נשוי,דתי,4,3,ללא,8,לא,לא,לא,12 שנות לימוד,כן,סטרייט,לא,גוורץ
27,זכר,מרכז,מרכז,גבוה,רווק,מסורתי,4,4,ללא,10,לא,לא,לא,אקדמאי,כן,בי,לא,קאווה
36,זכר,צפון,יהודה ושומרון,נמוך,רווק,דתי,4,2,ללא,7,לא,כן,לא,אקדמאי,לא,סטרייט,לא,ריוחה
30,זכר,יהודה ושומרון,דרום,גבוה,נשוי,חילוני,3,6,ללא,8,כן,לא,לא,אקדמאי,לא,סטרייט,לא,קאווה
41,נקבה,יהודה ושומרון,צפון,גבוה,נשוי,חילוני,2,7,ללא,2,כן,לא,לא,12 שנות לימוד,לא,סטרייט,לא,קברנה סוביניון
31,זכר,צפון,צפון,גבוה,גרוש,חילוני,1,2,ללא,8,לא,כן,לא,12 שנות לימוד,כן,סטרייט,כן,קאווה
33,זכר,מרכז,מרכז,בינוני,רווק,מסורתי,0,5,ללא,5,כן,לא,לא,12 שנות לימוד,לא,סטרייט,לא,ריוחה
30,נקבה,יהודה ושומרון,מרכז,גבוה,גרוש,חילוני,2,7,ללא גלוטן,3,כן,לא,לא,אקדמאי,כן,סטרייט,לא,גוורץ
51,נקבה,דרום,מרכז,גבוה,גרוש,מסורתי,1,6,ללא,3,כן,לא,לא,12 שנות לימוד,לא,סטרייט,לא,שרדונה
41,נקבה,מרכז,מרכז,גבוה,רווק,חילוני,1,3,ללא,5,כן,לא,לא,12 שנות לימוד,לא,סטרייט,לא,קברנה סוביניון
52,נקבה,דרום,צפון,בינוני,גרוש,חילוני,2,6,טבעונית,2,לא,לא,לא,12 שנות לימוד,כן,סטרייט,לא,שרדונה
29,נקבה,יהודה ושומרון,צפון,גבוה,נשוי,חילוני,0,3,צמחונית,10,כן,כן,כן,12 שנות לימוד,כן,סטרייט,כן,קאווה
45,נקבה,דרום,יהודה ושומרון,גבוה,גרוש,מסורתי,1,5,ללא,5,כן,לא,כן,אקדמאי,לא,סטרייט,לא,קברנה סוביניון
50,נקבה,צפון,מרכז,גבוה,נשוי,מסורתי,2,7,ללא גלוטן,1,לא,לא,לא,12 שנות לימוד,כן,בי,לא,שרדונה
49,נקבה,יהודה ושומרון,מרכז,בינוני,נשוי,חילוני,1,3,ללא גלוטן,6,לא,לא,לא,אקדמאי,כן,סטרייט,לא,שרדונה
34,זכר,צפון,יהודה ושומרון,גבוה,רווק,חילוני,0,1,טבעונית,10,כן,כן,לא,אקדמאי,לא,בי,לא,קאווה
37,נקבה,דרום,מרכז,נמוך,רווק,דתי,0,5,ללא,4,לא,לא,לא,אקדמאי,כן,סטרייט,לא,גוורץ
32,נקבה,צפון,יהודה ושומרון,גבוה,גרוש,חילוני,2,2,ללא,9,לא,כן,לא,אקדמאי,כן,סטרייט,לא,קאווה
32,נקבה,יהודה ושומרון,מרכז,בינוני,רווק,מסורתי,3,4,ללא,9,לא,כן,לא,אקדמאי,לא,סטרייט,לא,קאווה
50,נקבה,צפון,מרכז,גבוה,נשוי,חילוני,1,5,ללא,3,לא,לא,לא,12 שנות לימוד,לא,סטרייט,לא,שרדונה
36,נקבה,צפון,דרום,גבוה,נשוי,מסורתי,1,4,טבעונית,5,לא,כן,לא,אקדמאי,כן,סטרייט,לא,גוורץ
51,נקבה,מרכז,יהודה ושומרון,גבוה,רווק,חילוני,0,5,טבעונית,4,כן,לא,לא,12 שנות לימוד,לא,סטרייט,לא,שרדונה
31,זכר,דרום,מרכז,גבוה,נשוי,חילוני,1,1,ללא,8,כן,כן,לא,אקדמאי,כן,גיי,לא,ריוחה
38,זכר,מרכז,מרכז,גבוה,רווק,חילוני,0,5,ללא,5,כן,לא,לא,אקדמאי,לא,גיי,לא,קברנה סוביניון
28,זכר,יהודה ושומרון,דרום,נמוך,גרוש,דתי,4,5,צמחונית,7,כן,לא,כן,אקדמאי,כן,גיי,לא,ריוחה
43,זכר,צפון,יהודה ושומרון,נמוך,רווק,דתי,4,5,ללא,5,לא,לא,לא,12 שנות לימוד,לא,סטרייט,לא,קברנה סוביניון
28,נקבה,יהודה ושומרון,צפון,גבוה,גרוש,מסורתי,0,4,צמחונית,8,כן,לא,לא,אקדמאי,לא,סטרייט,לא,קאווה
40,זכר,דרום,יהודה ושומרון,נמוך,גרוש,דתי,5,4,ללא,3,לא,לא,לא,12 שנות לימוד,לא,סטרייט,לא,קברנה סוביניון
26,זכר,דרום,צפון,גבוה,גרוש,חילוני,1,5,ללא,8,כן,כן,לא,אקדמאי,לא,סטרייט,לא,קאווה
56,נקבה,דרום,יהודה ושומרון,בינוני,נשוי,מסורתי,3,5,ללא גלוטן,2,לא,לא,לא,12 שנות לימוד,כן,סטרייט,לא,שרדונה
56,זכר,מרכז,דרום,גבוה,גרוש,חילוני,1,7,ללא,2,כן,לא,לא,אקדמאי,לא,סטרייט,לא,שרדונה
26,נקבה,מרכז,צפון,נמוך,נשוי,חילוני,1,4,ללא,7,כן,לא,לא,אקדמאי,כן,סטרייט,כן,קאווה
39,נקבה,דרום,צפון,נמוך,גרוש,דתי,0,4,ללא,5,לא,לא,לא,אקדמאי,כן,סטרייט,לא,קברנה סוביניון
37,נקבה,יהודה ושומרון,יהודה ושומרון,גבוה,רווק,מסורתי,1,2,ללא,8,כן,לא,לא,12 שנות לימוד,כן,בי,לא,ריוחה
40,נקבה,צפון,יהודה ושומרון,גבוה,נשוי,מסורתי,2,5,ללא,3,לא,לא,לא,אקדמאי,כן,סטרייט,לא,קברנה סוביניון
38,נקבה,דרום,מרכז,גבוה,רווק,מסורתי,0,6,ללא,3,כן,לא,לא,אקדמאי,לא,סטרייט,לא,גוורץ
45,זכר,צפון,צפון,גבוה,נשוי,מסורתי,0,4,ללא,4,כן,לא,לא,12 שנות לימוד,כן,סטרייט,לא,קברנה סוביניון
39,זכר,יהודה ושומרון,יהודה ושומרון,גבוה,רווק,מסורתי,2,4,ללא,3,לא,לא,לא,אקדמאי,כן,סטרייט,לא,קברנה סוביניון
54,נקבה,דרום,דרום,גבוה,נשוי,חילוני,1,2,ללא,3,לא,לא,לא,אקדמאי,כן,סטרייט,לא,שרדונה
27,נקבה,צפון,דרום,נמוך,רווק,דתי,2,2,ללא,10,לא,לא,כן,אקדמאי,כן,סטרייט,לא,קאווה
42,נקבה,יהודה ושומרון,צפון,בינוני,נשוי,מסורתי,1,3,ללא גלוטן,6,כן,לא,כן,אקדמאי,לא,סטרייט,לא,קברנה סוביניון
